property_id,floorplan_id,floorplan_name,total_units_count,available_units_count,is_disabled,unit_type_id,unit_type_name,number_of_bedroom,number_of_bathroom,min_square_feet,max_square_feet,avg_square_feet,min_market_rent,max_market_rent,avg_market_rent,image_type,image_file_id,image_url,image_caption,image_description,image_format,image_width,image_height,image_is_default,image_is_active
739076,564698,M1 Murphy,4,0,FALSE,621427,M1 Murphy,0,1,321,321,321,1210,1210,1210,Floorplan,13328,https://medialibrarycf.entrata.com/14461/MLv3/4/23/2022/3/22/13328/5d93bf7cb6c809.71762611759.jpg,M1 Murphy,3D Floor Plan,jpg,640,480,TRUE,TRUE
739076,564693,M1 Murphy Balcony,12,0,FALSE,621422,M1 Murphy Balcony,0,1,319,319,319,1260,1260,1260,Floorplan,13326,https://medialibrarycf.entrata.com/14461/MLv3/4/23/2022/3/22/13326/5d93bfa2374ab0.47830359128.jpg,M1 Balcony,3D Floor Plan,jpg,640,480,TRUE,TRUE
739076,564690,S1,4,0,FALSE,621419,S1,0,1,432,432,432,1325,1325,1325,Floorplan,13332,https://medialibrarycf.entrata.com/14461/MLv3/4/23/2022/3/22/13332/5d93bfedefbfb8.01754599989.jpg,S1,3D Floor Plan,jpg,640,480,TRUE,TRUE
739076,564702,S2,4,0,FALSE,621431,S2,0,1,406,406,406,1375,1375,1375,Floorplan,13329,https://medialibrarycf.entrata.com/14461/MLv3/4/23/2022/3/22/13329/5d93c0254bcc59.22320381408.jpg,S2,3D Floor Plan,jpg,640,480,TRUE,TRUE
739076,564699,B1,4,0,FALSE,621428,B1,2,1,632,632,632,1015,1015,1015,Floorplan,13330,https://medialibrarycf.entrata.com/14461/MLv3/4/23/2022/3/22/13330/5d93c0502a7781.20539547738.jpg,B1,3D Floor Plan,jpg,640,480,TRUE,TRUE
739076,564700,B2,4,0,FALSE,621429,B2,2,1,629,629,629,1015,1015,1015,Floorplan,13321,https://medialibrarycf.entrata.com/14461/MLv3/4/23/2022/3/22/13321/5d93c07ba0ef97.29697749914.jpg,B2,3D Floor Plan,jpg,640,480,TRUE,TRUE
739076,564692,B3,5,1,FALSE,621421,B3,2,2,753,753,753,1175,1175,1175,Floorplan,13322,https://medialibrarycf.entrata.com/14461/MLv3/4/23/2022/3/22/13322/5d93c0d1890736.86965488526.jpg,B3,3D Floor Plan,jpg,640,480,TRUE,TRUE
739076,564696,B4,1,0,FALSE,621425,B4,2,2,923,923,923,1140,1140,1140,Floorplan,111018,https://medialibrarycf.entrata.com/14461/MLv3/4/23/2023/09/27/021100/65148c54207822.50264687161.jpg,B4,3D Floor Plan,jpg,1477,1400,TRUE,TRUE
739076,564691,B5,1,0,FALSE,621420,B5,2,2,928,928,928,1150,1150,1150,Floorplan,111017,https://medialibrarycf.entrata.com/14461/MLv3/4/23/2023/09/27/021023/65148c2f22a658.43996906686.jpg,B5,3D Floor Plan,jpg,1541,1400,TRUE,TRUE
739076,564697,C1,4,0,FALSE,621426,C1,3,3,984,984,984,995,995,995,Floorplan,13331,https://medialibrarycf.entrata.com/14461/MLv3/4/23/2022/3/22/13331/5d93c14190e220.34408177962.jpg,C1,3D Floor Plan,jpg,640,480,TRUE,TRUE
739076,564701,D1,4,0,FALSE,621430,D1,4,2,1105,1105,1105,905,905,905,Floorplan,13325,https://medialibrarycf.entrata.com/14461/MLv3/4/23/2022/3/22/13325/5d93c15d3b0017.39594259702.jpg,D1,3D Floor Plan,jpg,640,480,TRUE,TRUE
739076,564694,D1 Balcony,4,0,FALSE,621423,D1 Balcony,4,2,1105,1105,1105,905,905,905,Floorplan,13343,https://medialibrarycf.entrata.com/14461/MLv3/4/23/2022/3/22/13343/5d963edba67c66.44797200364.jpg,D1 Balcony,3D Floor Plan,jpg,640,480,TRUE,TRUE
739076,564695,D2,12,0,FALSE,621424,D2,4,4,1223,1223,1223,955,955,955,Floorplan,13327,https://medialibrarycf.entrata.com/14461/MLv3/4/23/2022/3/22/13327/5d93c18c7aabe9.64505342746.jpg,D2,3D Floor Plan,jpg,640,480,TRUE,TRUE
739076,564703,D3 Balcony,3,0,FALSE,621432,D3 Balcony,4,4,1380,1380,1380,995,995,995,Floorplan,13462,https://medialibrarycf.entrata.com/14461/MLv3/4/23/2022/3/22/13462/5f75e99d8546c2.20642742914.jpg,D3 Balcony,3D Floor Plan,jpg,640,480,TRUE,TRUE
739085,548132,S1,25,1,FALSE,619617,S1,0,1,283,342,312.5,2895,2895,2895,Floorplan,13418,https://medialibrarycf.entrata.com/14461/MLv3/4/23/2022/3/22/13418/603fffc47f4b35.63700023579.jpg,S1,3D Floor Plan,jpg,640,480,TRUE,TRUE
739085,548141,S2,12,1,FALSE,619626,S2,0,1,311,321,316,2950,2995,2972.5,Floorplan,13612,https://medialibrarycf.entrata.com/14461/MLv3/4/23/2022/3/22/13612/606cc33da75be3.96315599695.jpg,S2,3D Floor Plan,jpg,640,480,TRUE,TRUE
739085,548133,S3,51,5,FALSE,619618,S3,0,1,324,347,335.5,3065,3095,3080,Floorplan,13613,https://medialibrarycf.entrata.com/14461/MLv3/4/23/2022/3/22/13613/606cc37a2f0f13.54592338618.jpg,S3,3D Floor Plan,jpg,640,480,TRUE,TRUE
739085,548137,S4,8,0,FALSE,619622,S4,0,1,322,325,323.5,3025,3025,3025,Floorplan,13419,https://medialibrarycf.entrata.com/14461/MLv3/4/23/2022/3/22/13419/6040001f3fe128.15219872730.jpg,S4,3D Floor Plan,jpg,640,480,TRUE,TRUE
739085,548140,S5,10,1,FALSE,619625,S5,0,1,321,366,343.5,3150,3150,3150,Floorplan,13614,https://medialibrarycf.entrata.com/14461/MLv3/4/23/2022/3/22/13614/606cc3a3a20ed0.05374944749.jpg,S5,3D Floor Plan,jpg,640,480,TRUE,TRUE
739085,548138,S6,29,0,FALSE,619623,S6,0,1,358,367,362.5,3350,3350,3350,Floorplan,13615,https://medialibrarycf.entrata.com/14461/MLv3/4/23/2022/3/22/13615/606cc3bda74b74.88905811102.jpg,S6,3D Floor Plan,jpg,640,480,TRUE,TRUE
739085,548135,S7,4,1,FALSE,619620,S7,0,1,440,448,444,3400,3420,3410,Floorplan,13616,https://medialibrarycf.entrata.com/14461/MLv3/4/23/2022/3/22/13616/606cc3d745eaf3.56750575259.jpg,S7,3D Floor Plan,jpg,640,480,TRUE,TRUE
739085,548142,S8,11,7,FALSE,619627,S8,0,1,329,359,344,3350,3495,3422.5,Floorplan,13856,https://medialibrarycf.entrata.com/14461/MLv3/4/23/2022/3/22/13856/60a27ae4591014.13521669333.jpg,S8,3D Floor Plan,jpg,640,480,TRUE,TRUE
739085,548136,S9,5,1,FALSE,619621,S9,0,1,391,408,399.5,3950,4000,3975,Floorplan,13857,https://medialibrarycf.entrata.com/14461/MLv3/4/23/2022/3/22/13857/60a27b01cb3308.39074192617.jpg,S9,3D Floor Plan,jpg,640,480,TRUE,TRUE
739085,548134,S10,4,2,FALSE,619619,S10,0,1,528,528,528,3975,4100,4037.5,Floorplan,13858,https://medialibrarycf.entrata.com/14461/MLv3/4/23/2022/3/22/13858/60a27b28bf6903.14051966600.jpg,S10,3D Floor Plan,jpg,640,480,TRUE,TRUE
739085,572311,S11,24,0,FALSE,622540,S11,0,1,317,361,339,1196,1196,1196,NA,NA,NA,NA,NA,NA,NA,NA,NA,NA
739076,564698,M1 Murphy,4,0,FALSE,621427,M1 Murphy,0,1,321,321,321,1210,1210,1210,Floorplan,13328,https://medialibrarycf.entrata.com/14461/MLv3/4/23/2022/3/22/13328/5d93bf7cb6c809.71762611759.jpg,M1 Murphy,3D Floor Plan,jpg,640,480,TRUE,TRUE
739076,564693,M1 Murphy Balcony,12,0,FALSE,621422,M1 Murphy Balcony,0,1,319,319,319,1260,1260,1260,Floorplan,13326,https://medialibrarycf.entrata.com/14461/MLv3/4/23/2022/3/22/13326/5d93bfa2374ab0.47830359128.jpg,M1 Balcony,3D Floor Plan,jpg,640,480,TRUE,TRUE
739076,564690,S1,4,0,FALSE,621419,S1,0,1,432,432,432,1325,1325,1325,Floorplan,13332,https://medialibrarycf.entrata.com/14461/MLv3/4/23/2022/3/22/13332/5d93bfedefbfb8.01754599989.jpg,S1,3D Floor Plan,jpg,640,480,TRUE,TRUE
739076,564702,S2,4,0,FALSE,621431,S2,0,1,406,406,406,1375,1375,1375,Floorplan,13329,https://medialibrarycf.entrata.com/14461/MLv3/4/23/2022/3/22/13329/5d93c0254bcc59.22320381408.jpg,S2,3D Floor Plan,jpg,640,480,TRUE,TRUE
739076,564699,B1,4,0,FALSE,621428,B1,2,1,632,632,632,1015,1015,1015,Floorplan,13330,https://medialibrarycf.entrata.com/14461/MLv3/4/23/2022/3/22/13330/5d93c0502a7781.20539547738.jpg,B1,3D Floor Plan,jpg,640,480,TRUE,TRUE
739076,564700,B2,4,0,FALSE,621429,B2,2,1,629,629,629,1015,1015,1015,Floorplan,13321,https://medialibrarycf.entrata.com/14461/MLv3/4/23/2022/3/22/13321/5d93c07ba0ef97.29697749914.jpg,B2,3D Floor Plan,jpg,640,480,TRUE,TRUE
739076,564692,B3,5,1,FALSE,621421,B3,2,2,753,753,753,1175,1175,1175,Floorplan,13322,https://medialibrarycf.entrata.com/14461/MLv3/4/23/2022/3/22/13322/5d93c0d1890736.86965488526.jpg,B3,3D Floor Plan,jpg,640,480,TRUE,TRUE
739076,564696,B4,1,0,FALSE,621425,B4,2,2,923,923,923,1140,1140,1140,Floorplan,111018,https://medialibrarycf.entrata.com/14461/MLv3/4/23/2023/09/27/021100/65148c54207822.50264687161.jpg,B4,3D Floor Plan,jpg,1477,1400,TRUE,TRUE
739076,564691,B5,1,0,FALSE,621420,B5,2,2,928,928,928,1150,1150,1150,Floorplan,111017,https://medialibrarycf.entrata.com/14461/MLv3/4/23/2023/09/27/021023/65148c2f22a658.43996906686.jpg,B5,3D Floor Plan,jpg,1541,1400,TRUE,TRUE
739076,564697,C1,4,0,FALSE,621426,C1,3,3,984,984,984,995,995,995,Floorplan,13331,https://medialibrarycf.entrata.com/14461/MLv3/4/23/2022/3/22/13331/5d93c14190e220.34408177962.jpg,C1,3D Floor Plan,jpg,640,480,TRUE,TRUE
739076,564701,D1,4,0,FALSE,621430,D1,4,2,1105,1105,1105,905,905,905,Floorplan,13325,https://medialibrarycf.entrata.com/14461/MLv3/4/23/2022/3/22/13325/5d93c15d3b0017.39594259702.jpg,D1,3D Floor Plan,jpg,640,480,TRUE,TRUE
739076,564694,D1 Balcony,4,0,FALSE,621423,D1 Balcony,4,2,1105,1105,1105,905,905,905,Floorplan,13343,https://medialibrarycf.entrata.com/14461/MLv3/4/23/2022/3/22/13343/5d963edba67c66.44797200364.jpg,D1 Balcony,3D Floor Plan,jpg,640,480,TRUE,TRUE
739076,564695,D2,12,0,FALSE,621424,D2,4,4,1223,1223,1223,955,955,955,Floorplan,13327,https://medialibrarycf.entrata.com/14461/MLv3/4/23/2022/3/22/13327/5d93c18c7aabe9.64505342746.jpg,D2,3D Floor Plan,jpg,640,480,TRUE,TRUE
739076,564703,D3 Balcony,3,0,FALSE,621432,D3 Balcony,4,4,1380,1380,1380,995,995,995,Floorplan,13462,https://medialibrarycf.entrata.com/14461/MLv3/4/23/2022/3/22/13462/5f75e99d8546c2.20642742914.jpg,D3 Balcony,3D Floor Plan,jpg,640,480,TRUE,TRUE
739079,565302,D1,10,1,FALSE,622031,D1,4,4,1540,1540,1540,1045,1045,1045,Floorplan,13261,https://medialibrarycf.entrata.com/14461/MLv3/4/23/2022/3/22/13261/5d9665a03661f1.67737215917.jpg,D1,3D Floor Plan,jpg,640,480,TRUE,TRUE
739076,564698,M1 Murphy,4,0,FALSE,621427,M1 Murphy,0,1,321,321,321,1210,1210,1210,Floorplan,13328,https://medialibrarycf.entrata.com/14461/MLv3/4/23/2022/3/22/13328/5d93bf7cb6c809.71762611759.jpg,M1 Murphy,3D Floor Plan,jpg,640,480,TRUE,TRUE
739080,565258,B1,1,0,FALSE,621987,B1,2,2,1145,1145,1145,955,955,955,Floorplan,13347,https://medialibrarycf.entrata.com/14461/MLv3/4/23/2022/3/22/13347/5d963d54c8eb58.82682314542.jpg,B1,3D Floor Plan,jpg,640,480,TRUE,TRUE
739080,565261,B2,1,0,FALSE,621990,B2,2,2,1180,1180,1180,975,975,975,Floorplan,13346,https://medialibrarycf.entrata.com/14461/MLv3/4/23/2022/3/22/13346/5d963d7e8846c4.96394199990.jpg,B2,3D Floor Plan,jpg,640,480,TRUE,TRUE
739076,564693,M1 Murphy Balcony,12,0,FALSE,621422,M1 Murphy Balcony,0,1,319,319,319,1260,1260,1260,Floorplan,13326,https://medialibrarycf.entrata.com/14461/MLv3/4/23/2022/3/22/13326/5d93bfa2374ab0.47830359128.jpg,M1 Balcony,3D Floor Plan,jpg,640,480,TRUE,TRUE
739080,565259,C1,4,0,FALSE,621988,C1,3,2,1345,1345,1345,1005,1005,1005,Floorplan,13349,https://medialibrarycf.entrata.com/14461/MLv3/4/23/2022/3/22/13349/5d963da43f8864.61487568545.jpg,C2,3D Floor Plan,jpg,640,480,TRUE,TRUE
739076,564690,S1,4,0,FALSE,621419,S1,0,1,432,432,432,1325,1325,1325,Floorplan,13332,https://medialibrarycf.entrata.com/14461/MLv3/4/23/2022/3/22/13332/5d93bfedefbfb8.01754599989.jpg,S1,3D Floor Plan,jpg,640,480,TRUE,TRUE
739080,565256,C2,4,0,FALSE,621985,C2,3,2,1345,1345,1345,1025,1025,1025,Floorplan,13348,https://medialibrarycf.entrata.com/14461/MLv3/4/23/2022/3/22/13348/5d963cbd3c4577.54520668351.jpg,C2,3D Floor Plan,jpg,640,480,TRUE,TRUE
739076,564702,S2,4,0,FALSE,621431,S2,0,1,406,406,406,1375,1375,1375,Floorplan,13329,https://medialibrarycf.entrata.com/14461/MLv3/4/23/2022/3/22/13329/5d93c0254bcc59.22320381408.jpg,S2,3D Floor Plan,jpg,640,480,TRUE,TRUE
739080,565257,D1,4,0,FALSE,621986,D1,4,2,1735,1735,1735,780,780,780,Floorplan,13344,https://medialibrarycf.entrata.com/14461/MLv3/4/23/2022/3/22/13344/5d963cef5e49f8.78931450671.jpg,D1,3D Floor Plan,jpg,640,480,TRUE,TRUE
739076,564699,B1,4,0,FALSE,621428,B1,2,1,632,632,632,1015,1015,1015,Floorplan,13330,https://medialibrarycf.entrata.com/14461/MLv3/4/23/2022/3/22/13330/5d93c0502a7781.20539547738.jpg,B1,3D Floor Plan,jpg,640,480,TRUE,TRUE
739076,564700,B2,4,0,FALSE,621429,B2,2,1,629,629,629,1015,1015,1015,Floorplan,13321,https://medialibrarycf.entrata.com/14461/MLv3/4/23/2022/3/22/13321/5d93c07ba0ef97.29697749914.jpg,B2,3D Floor Plan,jpg,640,480,TRUE,TRUE
739080,565260,D2,4,0,FALSE,621989,D2,4,2,1465,1465,1465,795,795,795,Floorplan,13345,https://medialibrarycf.entrata.com/14461/MLv3/4/23/2022/3/22/13345/5d963d230e8e63.85628301650.jpg,D2,3D Floor Plan,jpg,640,480,TRUE,TRUE
739080,565262,E1 Townhome,4,0,FALSE,621991,E1 Townhome,5,4,2260,2260,2260,875,875,875,Floorplan,13352,https://medialibrarycf.entrata.com/14461/MLv3/4/23/2022/3/22/13352/5d963dd1309cf2.05305901268.jpg,E1 Townhome,3D Floor Plan,jpg,640,480,TRUE,TRUE
739076,564692,B3,5,1,FALSE,621421,B3,2,2,753,753,753,1175,1175,1175,Floorplan,13322,https://medialibrarycf.entrata.com/14461/MLv3/4/23/2022/3/22/13322/5d93c0d1890736.86965488526.jpg,B3,3D Floor Plan,jpg,640,480,TRUE,TRUE
739076,564696,B4,1,0,FALSE,621425,B4,2,2,923,923,923,1140,1140,1140,Floorplan,111018,https://medialibrarycf.entrata.com/14461/MLv3/4/23/2023/09/27/021100/65148c54207822.50264687161.jpg,B4,3D Floor Plan,jpg,1477,1400,TRUE,TRUE
739080,565263,E2 Townhome,4,0,FALSE,621992,E2 Townhome,5,4,2465,2465,2465,935,935,935,Floorplan,13351,https://medialibrarycf.entrata.com/14461/MLv3/4/23/2022/3/22/13351/5d963dfe2991f0.58261763364.jpg,E2 Townhome,3D Floor Plan,jpg,640,480,TRUE,TRUE
739080,565264,D3 Townhome,1,0,FALSE,621993,D3 Townhome,4,3,1930,1930,1930,875,875,875,Floorplan,13350,https://medialibrarycf.entrata.com/14461/MLv3/4/23/2022/3/22/13350/5d963e5e588974.93859350268.jpg,D3 Townhome,3D Floor Plan,jpg,640,480,TRUE,TRUE
739076,564691,B5,1,0,FALSE,621420,B5,2,2,928,928,928,1150,1150,1150,Floorplan,111017,https://medialibrarycf.entrata.com/14461/MLv3/4/23/2023/09/27/021023/65148c2f22a658.43996906686.jpg,B5,3D Floor Plan,jpg,1541,1400,TRUE,TRUE
739076,564697,C1,4,0,FALSE,621426,C1,3,3,984,984,984,995,995,995,Floorplan,13331,https://medialibrarycf.entrata.com/14461/MLv3/4/23/2022/3/22/13331/5d93c14190e220.34408177962.jpg,C1,3D Floor Plan,jpg,640,480,TRUE,TRUE
739076,564701,D1,4,0,FALSE,621430,D1,4,2,1105,1105,1105,905,905,905,Floorplan,13325,https://medialibrarycf.entrata.com/14461/MLv3/4/23/2022/3/22/13325/5d93c15d3b0017.39594259702.jpg,D1,3D Floor Plan,jpg,640,480,TRUE,TRUE
739076,564694,D1 Balcony,4,0,FALSE,621423,D1 Balcony,4,2,1105,1105,1105,905,905,905,Floorplan,13343,https://medialibrarycf.entrata.com/14461/MLv3/4/23/2022/3/22/13343/5d963edba67c66.44797200364.jpg,D1 Balcony,3D Floor Plan,jpg,640,480,TRUE,TRUE
739076,564695,D2,12,0,FALSE,621424,D2,4,4,1223,1223,1223,955,955,955,Floorplan,13327,https://medialibrarycf.entrata.com/14461/MLv3/4/23/2022/3/22/13327/5d93c18c7aabe9.64505342746.jpg,D2,3D Floor Plan,jpg,640,480,TRUE,TRUE
739076,564703,D3 Balcony,3,0,FALSE,621432,D3 Balcony,4,4,1380,1380,1380,995,995,995,Floorplan,13462,https://medialibrarycf.entrata.com/14461/MLv3/4/23/2022/3/22/13462/5f75e99d8546c2.20642742914.jpg,D3 Balcony,3D Floor Plan,jpg,640,480,TRUE,TRUE
739076,564698,M1 Murphy,4,0,FALSE,621427,M1 Murphy,0,1,321,321,321,1210,1210,1210,Floorplan,13328,https://medialibrarycf.entrata.com/14461/MLv3/4/23/2022/3/22/13328/5d93bf7cb6c809.71762611759.jpg,M1 Murphy,3D Floor Plan,jpg,640,480,TRUE,TRUE
739084,565164,M1 Murphy,12,1,FALSE,621893,M1 Murphy,0,1,319,319,319,1120,1120,1120,Floorplan,13340,https://medialibrarycf.entrata.com/14461/MLv3/4/23/2022/3/22/13340/5d955e83b152b2.55026236734.jpg,M1 Murphy,3D Floor Plan,jpg,640,480,TRUE,TRUE
739084,565162,M1 Murphy Balcony,16,1,FALSE,621891,M1 Murphy Balcony,0,1,319,319,319,1175,1175,1175,Floorplan,13338,https://medialibrarycf.entrata.com/14461/MLv3/4/23/2022/3/22/13338/5d955e13e104c4.49953744587.jpg,M1 Murphy Balcony,3D Floor Plan,jpg,640,480,TRUE,TRUE
739076,564693,M1 Murphy Balcony,12,0,FALSE,621422,M1 Murphy Balcony,0,1,319,319,319,1260,1260,1260,Floorplan,13326,https://medialibrarycf.entrata.com/14461/MLv3/4/23/2022/3/22/13326/5d93bfa2374ab0.47830359128.jpg,M1 Balcony,3D Floor Plan,jpg,640,480,TRUE,TRUE
739076,564690,S1,4,0,FALSE,621419,S1,0,1,432,432,432,1325,1325,1325,Floorplan,13332,https://medialibrarycf.entrata.com/14461/MLv3/4/23/2022/3/22/13332/5d93bfedefbfb8.01754599989.jpg,S1,3D Floor Plan,jpg,640,480,TRUE,TRUE
739084,565166,M2 Murphy,4,1,FALSE,621895,M2 Murphy,0,1,349,349,349,1220,1220,1220,Floorplan,13341,https://medialibrarycf.entrata.com/14461/MLv3/4/23/2022/3/22/13341/5d955ef758f1a3.76903879625.jpg,M2 Murphy,3D Floor Plan,jpg,640,480,TRUE,TRUE
739076,564702,S2,4,0,FALSE,621431,S2,0,1,406,406,406,1375,1375,1375,Floorplan,13329,https://medialibrarycf.entrata.com/14461/MLv3/4/23/2022/3/22/13329/5d93c0254bcc59.22320381408.jpg,S2,3D Floor Plan,jpg,640,480,TRUE,TRUE
739084,565161,A1,16,0,FALSE,621890,A1,1,1,522,530,526,1475,1475,1475,Floorplan,13336,https://medialibrarycf.entrata.com/14461/MLv3/4/23/2022/3/22/13336/5d955de47cd2f7.01755064154.jpg,A2,3D Floor Plan,jpg,640,480,TRUE,TRUE
739076,564699,B1,4,0,FALSE,621428,B1,2,1,632,632,632,1015,1015,1015,Floorplan,13330,https://medialibrarycf.entrata.com/14461/MLv3/4/23/2022/3/22/13330/5d93c0502a7781.20539547738.jpg,B1,3D Floor Plan,jpg,640,480,TRUE,TRUE
739084,565168,B1,4,0,FALSE,621897,B1,2,1,614,614,614,930,930,930,Floorplan,13337,https://medialibrarycf.entrata.com/14461/MLv3/4/23/2022/3/22/13337/5d955f7e952246.96008196834.jpg,B1,3D Floor Plan,jpg,640,480,TRUE,TRUE
739076,564700,B2,4,0,FALSE,621429,B2,2,1,629,629,629,1015,1015,1015,Floorplan,13321,https://medialibrarycf.entrata.com/14461/MLv3/4/23/2022/3/22/13321/5d93c07ba0ef97.29697749914.jpg,B2,3D Floor Plan,jpg,640,480,TRUE,TRUE
739084,565163,B2,8,2,FALSE,621892,B2,2,1,629,629,629,955,955,955,Floorplan,13333,https://medialibrarycf.entrata.com/14461/MLv3/4/23/2022/3/22/13333/5d955e53c26399.08525608195.jpg,B2,3D Floor Plan,jpg,640,480,TRUE,TRUE
739076,564692,B3,5,1,FALSE,621421,B3,2,2,753,753,753,1175,1175,1175,Floorplan,13322,https://medialibrarycf.entrata.com/14461/MLv3/4/23/2022/3/22/13322/5d93c0d1890736.86965488526.jpg,B3,3D Floor Plan,jpg,640,480,TRUE,TRUE
739076,564696,B4,1,0,FALSE,621425,B4,2,2,923,923,923,1140,1140,1140,Floorplan,111018,https://medialibrarycf.entrata.com/14461/MLv3/4/23/2023/09/27/021100/65148c54207822.50264687161.jpg,B4,3D Floor Plan,jpg,1477,1400,TRUE,TRUE
739084,565165,B3,4,1,FALSE,621894,B3,2,2,914,914,914,1025,1025,1025,Floorplan,13334,https://medialibrarycf.entrata.com/14461/MLv3/4/23/2022/3/22/13334/5d955ec9193dc8.88487947923.jpg,B3,3D Floor Plan,jpg,640,480,TRUE,TRUE
739076,564691,B5,1,0,FALSE,621420,B5,2,2,928,928,928,1150,1150,1150,Floorplan,111017,https://medialibrarycf.entrata.com/14461/MLv3/4/23/2023/09/27/021023/65148c2f22a658.43996906686.jpg,B5,3D Floor Plan,jpg,1541,1400,TRUE,TRUE
739084,565167,D1,4,0,FALSE,621896,D1,4,4,1245,1245,1245,905,905,905,Floorplan,13339,https://medialibrarycf.entrata.com/14461/MLv3/4/23/2022/3/22/13339/5d955f2997e8a6.80672755280.jpg,D1,3D Floor Plan,jpg,640,480,TRUE,TRUE
739076,564697,C1,4,0,FALSE,621426,C1,3,3,984,984,984,995,995,995,Floorplan,13331,https://medialibrarycf.entrata.com/14461/MLv3/4/23/2022/3/22/13331/5d93c14190e220.34408177962.jpg,C1,3D Floor Plan,jpg,640,480,TRUE,TRUE
739076,564701,D1,4,0,FALSE,621430,D1,4,2,1105,1105,1105,905,905,905,Floorplan,13325,https://medialibrarycf.entrata.com/14461/MLv3/4/23/2022/3/22/13325/5d93c15d3b0017.39594259702.jpg,D1,3D Floor Plan,jpg,640,480,TRUE,TRUE
739076,564694,D1 Balcony,4,0,FALSE,621423,D1 Balcony,4,2,1105,1105,1105,905,905,905,Floorplan,13343,https://medialibrarycf.entrata.com/14461/MLv3/4/23/2022/3/22/13343/5d963edba67c66.44797200364.jpg,D1 Balcony,3D Floor Plan,jpg,640,480,TRUE,TRUE
739076,564695,D2,12,0,FALSE,621424,D2,4,4,1223,1223,1223,955,955,955,Floorplan,13327,https://medialibrarycf.entrata.com/14461/MLv3/4/23/2022/3/22/13327/5d93c18c7aabe9.64505342746.jpg,D2,3D Floor Plan,jpg,640,480,TRUE,TRUE
739076,564703,D3 Balcony,3,0,FALSE,621432,D3 Balcony,4,4,1380,1380,1380,995,995,995,Floorplan,13462,https://medialibrarycf.entrata.com/14461/MLv3/4/23/2022/3/22/13462/5f75e99d8546c2.20642742914.jpg,D3 Balcony,3D Floor Plan,jpg,640,480,TRUE,TRUE
641240,524190,S1,5,0,FALSE,618382,S1,0,1,396,396,396,1565,1565,1565,Floorplan,13514,https://medialibrarycf.entrata.com/14461/MLv3/4/23/2022/3/22/13514/5f998e6c19df19.54386885939.jpg,S1,3D Floor Plan,jpg,640,480,TRUE,TRUE
641240,524191,S2,5,0,FALSE,618387,S2,0,1,416,416,416,1575,1575,1575,Floorplan,13515,https://medialibrarycf.entrata.com/14461/MLv3/4/23/2022/3/22/13515/5f998e80abe4d1.28657680704.jpg,S2,3D Floor Plan,jpg,640,480,TRUE,TRUE
641240,524189,A1,10,0,FALSE,618377,A1,1,1,463,463,463,1815,1815,1815,Floorplan,13158,https://medialibrarycf.entrata.com/14461/MLv3/4/23/2022/3/22/13158/5bbf97c2183fc1.07515530300.jpg,A1,3D Floor Plan,jpg,640,480,TRUE,TRUE
641240,524193,B1,8,1,FALSE,618397,B1,2,2,747,747,747,1320,2640,1980,Floorplan,13160,https://medialibrarycf.entrata.com/14461/MLv3/4/23/2022/3/22/13160/5bbf981eccc3a3.87151484453.jpg,B1,3D Floor Plan,jpg,640,480,TRUE,TRUE
641240,524192,B1 Semi-Shared,7,0,FALSE,618392,B1 Semi-Shared,2,2,747,747,747,765,1270,1017.5,Floorplan,13159,https://medialibrarycf.entrata.com/14461/MLv3/4/23/2022/3/22/13159/5bbf98082f6273.32549860823.jpg,B1 Semi-Shared (3 Occupants),3D Floor Plan,jpg,640,480,TRUE,TRUE
641240,543898,C1 Study,1,0,FALSE,619365,C1 Study,3,2,1167,1167,1167,1065,1115,1090,Floorplan,13513,https://medialibrarycf.entrata.com/14461/MLv3/4/23/2022/3/22/13513/5f998e5029a762.39665595569.jpg,C1 Study,3D Floor Plan,jpg,640,480,TRUE,TRUE
641240,524194,D1 Balcony,10,2,FALSE,618400,D1 Balcony,4,2,1102,1102,1102,935,1325,1130,Floorplan,13199,https://medialibrarycf.entrata.com/14461/MLv3/4/23/2022/3/22/13199/5c48870b38d815.68861037546.jpg,D1 Balcony,3D Floor Plan,jpg,640,480,TRUE,TRUE
641240,598786,D2,16,1,FALSE,623734,D2,4,4,1167,1167,1167,1020,1070,1045,Floorplan,54247,https://medialibrarycf.entrata.com/14461/MLv3/4/23/2022/3/22/54247/617106a24e9928.32473919288.jpg,D2,3D Floor Plan,jpg,2666,1364,TRUE,TRUE
641240,524195,D3,4,0,FALSE,618405,D3,4,4,1214,1214,1214,1015,1045,1030,Floorplan,13161,https://medialibrarycf.entrata.com/14461/MLv3/4/23/2022/3/22/13161/5bbf985f3c8684.30897861693.jpg,D3,3D Floor Plan,jpg,640,480,TRUE,TRUE
641240,524196,D3 Semi-Shared,24,4,FALSE,618411,D3 Semi-Shared,4,4,1214,1214,1214,675,1050,862.5,Floorplan,54248,https://medialibrarycf.entrata.com/14461/MLv3/4/23/2022/3/22/54248/617106e014b0d4.16963559977.jpg,D3 Semi-Shared (5 Occupants),3D Floor Plan,jpg,2666,1499,TRUE,TRUE
676055,539721,D1,118,10,FALSE,619248,D1,4,4,1218,1218,1218,705,734,719.5,Floorplan,13300,https://medialibrarycf.entrata.com/14461/MLv3/4/23/2022/3/22/13300/5d790e6945d4a8.02204204282.jpg,D1,3D Floor Plan,jpg,640,480,TRUE,TRUE
676055,539724,B1,15,2,FALSE,619224,B1,2,2,667,667,667,880,880,880,Floorplan,13299,https://medialibrarycf.entrata.com/14461/MLv3/4/23/2022/3/22/13299/5d790e1204d3b4.76860889828.jpg,B1,3D Floor Plan,jpg,640,480,TRUE,TRUE
676055,539725,B2,19,1,FALSE,619247,B2,2,2,800,800,800,905,905,905,Floorplan,13297,https://medialibrarycf.entrata.com/14461/MLv3/4/23/2022/3/22/13297/5d790e227c10e9.07204671837.jpg,B2,3D Floor Plan,jpg,640,480,TRUE,TRUE
676055,539726,C1,14,1,FALSE,619226,C1,3,3,1039,1039,1039,805,830,817.5,Floorplan,53276,https://medialibrarycf.entrata.com/14461/MLv3/4/23/2022/3/22/53276/6160886f9dc962.43504675452.jpg,C1 w/Balcony,3D Floor Plan,jpg,640,394,TRUE,TRUE
676055,539726,C1,14,1,FALSE,619226,C1,3,3,1039,1039,1039,805,830,817.5,Floorplan,53277,https://medialibrarycf.entrata.com/14461/MLv3/4/22/2022/3/26/53277/616088a2c36565.84320491632.jpg,C1 Private,2D Floor Plan,jpg,640,353,FALSE,TRUE
676055,539728,D2,9,1,FALSE,619250,D2,4,4,1346,1346,1346,725,725,725,Floorplan,13294,https://medialibrarycf.entrata.com/14461/MLv3/4/23/2022/3/22/13294/5d790e8c19c0c1.04558070576.jpg,D3,3D Floor Plan,jpg,640,480,TRUE,TRUE
676055,539729,B3 Townhome,7,1,FALSE,619229,B3 Townhome,2,2,1231,1231,1231,925,930,927.5,Floorplan,13464,https://medialibrarycf.entrata.com/14461/MLv3/4/23/2022/3/22/13464/5f762759cd8328.56743720757.jpg,B3 Townhome,3D Floor Plan,jpg,640,480,TRUE,TRUE
1115679,598555,S1,166,9,FALSE,623458,S1,0,1,360,360,360,1733,1846,1789.5,Floorplan,13906,https://medialibrarycf.entrata.com/14461/MLv3/4/23/2022/3/22/13906/60ad5000451f40.27583132369.jpg,Studio,3D Floor Plan,jpg,2133,940,TRUE,TRUE
1115679,598555,S1,166,9,FALSE,623458,S1,0,1,360,360,360,1733,1846,1789.5,Floorplan,13907,https://medialibrarycf.entrata.com/14461/MLv3/4/23/2022/3/22/13907/60ad50125381b1.00574262518.jpg,Studio Terrace,3D Floor Plan,jpg,2133,824,FALSE,TRUE
1115679,598579,A1,6,0,FALSE,623462,A1,1,1,457,457,457,1982,2011,1996.5,Floorplan,13908,https://medialibrarycf.entrata.com/14461/MLv3/4/23/2022/3/22/13908/60ad502b5b62a7.89186336469.jpg,A1,3D Floor Plan,jpg,2093,1040,TRUE,TRUE
1115679,598556,A2,17,3,FALSE,623459,A2,1,1,478,478,478,2081,2343,2212,Floorplan,13909,https://medialibrarycf.entrata.com/14461/MLv3/4/23/2022/3/22/13909/60ad52c4495994.80757993673.jpg,A2,3D Floor Plan,jpg,2045,1200,TRUE,TRUE
1115679,598556,A2,17,3,FALSE,623459,A2,1,1,478,478,478,2081,2343,2212,Floorplan,13910,https://medialibrarycf.entrata.com/14461/MLv3/4/23/2022/3/22/13910/60ad5436ba9155.79269235470.jpg,A2 Terrace,3D Floor Plan,jpg,1779,1200,FALSE,TRUE
1115679,598585,A3,10,1,FALSE,623467,A3,1,1,499,561,530,2227,2366,2296.5,Floorplan,13911,https://medialibrarycf.entrata.com/14461/MLv3/4/23/2022/3/22/13911/60ad54540be566.50572720918.jpg,A3,3D Floor Plan,jpg,1573,1200,TRUE,TRUE
1115679,598607,A4,20,1,FALSE,623469,A4,1,1,472,472,472,1981,3144,2562.5,Floorplan,55146,https://medialibrarycf.entrata.com/14461/MLv3/4/23/2022/3/22/55146/6180405732a506.87217703357.jpg,A4,3D Floor Plan,jpg,2133,1027,TRUE,TRUE
1115679,598607,A4,20,1,FALSE,623469,A4,1,1,472,472,472,1981,3144,2562.5,Floorplan,127697,https://medialibrarycf.entrata.com/14461/MLv3/4/23/2024/08/07/124715/66b3c132dc03e9.03089868581.png,A4 No Bedroom Window,3D Floor Plan,png,2133,1028,FALSE,TRUE
1115679,598613,A5,6,1,FALSE,623464,A5,1,1,441,441,441,2195,2409,2302,Floorplan,55145,https://medialibrarycf.entrata.com/14461/MLv3/4/23/2022/3/22/55145/61804007df9082.05834919421.jpg,A5,3D Floor Plan,jpg,2133,1072,TRUE,TRUE
1115679,598615,A6,5,1,FALSE,623468,A6,1,1,512,512,512,2329,2490,2409.5,Floorplan,13914,https://medialibrarycf.entrata.com/14461/MLv3/4/23/2022/3/22/13914/60ad54c9ba1091.23974330210.jpg,A6 Balcony,3D Floor Plan,jpg,1389,1200,TRUE,TRUE
1115679,598615,A6,5,1,FALSE,623468,A6,1,1,512,512,512,2329,2490,2409.5,Floorplan,13384,https://medialibrarycf.entrata.com/14461/MLv3/4/23/2022/3/22/13384/6074a40acd9132.52623675939.jpg,A6 Terrace,3D Floor Plan,jpg,640,480,FALSE,TRUE
1115679,598617,A7,5,0,FALSE,623466,A7,1,1,589,589,589,2274,2419,2346.5,Floorplan,13915,https://medialibrarycf.entrata.com/14461/MLv3/4/23/2022/3/22/13915/60ad552faae4a7.29478903398.jpg,A7 Balcony,3D Floor Plan,jpg,1365,1200,TRUE,TRUE
1115679,598617,A7,5,0,FALSE,623466,A7,1,1,589,589,589,2274,2419,2346.5,Floorplan,13916,https://medialibrarycf.entrata.com/14461/MLv3/4/23/2022/3/22/13916/60ad553c8c7737.11033707176.jpg,A7 Terrace,3D Floor Plan,jpg,1597,1200,FALSE,TRUE
1115679,598557,A8,184,17,FALSE,623460,A8,1,1,657,658,657.5,2090,2182,2136,Floorplan,13917,https://medialibrarycf.entrata.com/14461/MLv3/4/23/2022/3/22/13917/60ad554e4d5c56.29584016358.jpg,A8,3D Floor Plan,jpg,1633,1200,TRUE,TRUE
1115679,598557,A8,184,17,FALSE,623460,A8,1,1,657,658,657.5,2090,2182,2136,Floorplan,13918,https://medialibrarycf.entrata.com/14461/MLv3/4/23/2022/3/22/13918/60ad555c547cd4.33579378469.jpg,A8 Balcony,3D Floor Plan,jpg,1693,1200,FALSE,TRUE
1115679,598557,A8,184,17,FALSE,623460,A8,1,1,657,658,657.5,2090,2182,2136,Floorplan,13919,https://medialibrarycf.entrata.com/14461/MLv3/4/23/2022/3/22/13919/60ad55788c1a09.26886777937.jpg,A8 Juliette Balcony,3D Floor Plan,jpg,1637,1200,FALSE,TRUE
1115679,598557,A8,184,17,FALSE,623460,A8,1,1,657,658,657.5,2090,2182,2136,Floorplan,13920,https://medialibrarycf.entrata.com/14461/MLv3/4/23/2022/3/22/13920/60ad558eb1a502.83251103293.jpg,A8 Terrace,3D Floor Plan,jpg,1993,1200,FALSE,TRUE
1115679,598619,B1,11,0,FALSE,623463,B1,2,2,974,974,974,3350,3559,3454.5,Floorplan,13921,https://medialibrarycf.entrata.com/14461/MLv3/4/23/2022/3/22/13921/60ad5615543763.00109417558.jpg,B1,3D Floor Plan,jpg,1333,1200,TRUE,TRUE
1115679,598619,B1,11,0,FALSE,623463,B1,2,2,974,974,974,3350,3559,3454.5,Floorplan,13922,https://medialibrarycf.entrata.com/14461/MLv3/4/23/2022/3/22/13922/60ad562942fc25.78833568452.jpg,B1 First Floor,3D Floor Plan,jpg,1365,1200,FALSE,TRUE
1115679,598619,B1,11,0,FALSE,623463,B1,2,2,974,974,974,3350,3559,3454.5,Floorplan,13923,https://medialibrarycf.entrata.com/14461/MLv3/4/23/2022/3/22/13923/60ad56502207d1.91571512885.jpg,B1 Balcony,3D Floor Plan,jpg,1321,1200,FALSE,TRUE
1115679,598558,B2,21,2,FALSE,623461,B2,2,2,1008,1008,1008,3612,3695,3653.5,Floorplan,13924,https://medialibrarycf.entrata.com/14461/MLv3/4/23/2022/3/22/13924/60ad56646b83d6.70200851839.jpg,B2,3D Floor Plan,jpg,1557,1200,TRUE,TRUE
1115679,598558,B2,21,2,FALSE,623461,B2,2,2,1008,1008,1008,3612,3695,3653.5,Floorplan,13925,https://medialibrarycf.entrata.com/14461/MLv3/4/23/2022/3/22/13925/60ad56724a8a28.98730067636.jpg,B2 Balcony,3D Floor Plan,jpg,1505,1200,FALSE,TRUE
1115679,598558,B2,21,2,FALSE,623461,B2,2,2,1008,1008,1008,3612,3695,3653.5,Floorplan,13926,https://medialibrarycf.entrata.com/14461/MLv3/4/23/2022/3/22/13926/60ad567debfd76.00997847664.jpg,B2 Terrace,3D Floor Plan,jpg,1245,1200,FALSE,TRUE
1115679,598559,C1,5,1,FALSE,623465,C1,3,2,1372,1372,1372,4349,5237,4793,Floorplan,13927,https://medialibrarycf.entrata.com/14461/MLv3/4/23/2022/3/22/13927/60ad568ed8c825.08838309726.jpg,C1 Terrace,3D Floor Plan,jpg,2133,1132,TRUE,TRUE
1115679,598559,C1,5,1,FALSE,623465,C1,3,2,1372,1372,1372,4349,5237,4793,Floorplan,13928,https://medialibrarycf.entrata.com/14461/MLv3/4/23/2022/3/22/13928/60ad569ad6ecb0.89283417266.jpg,C1 Balcony,3D Floor Plan,jpg,2133,988,FALSE,TRUE
1161867,599062,1 Bed 1 Bath,146,9,FALSE,623896,1 Bed 1 Bath,1,1,831,831,831,1782,1847,1814.5,Floorplan,73257,https://medialibrarycf.entrata.com/14461/MLv3/4/22/2022/3/26/73257/38470_1161867_5eb479be0299b0.59914205861.jpg,NA,2D Floor Plan,jpg,640,480,FALSE,TRUE
1161867,599062,1 Bed 1 Bath,146,9,FALSE,623896,1 Bed 1 Bath,1,1,831,831,831,1782,1847,1814.5,Floorplan,73259,https://medialibrarycf.entrata.com/14461/MLv3/4/22/2022/3/26/73259/38655_1161867_5ec3fe844f1515.72840592349.jpg,NA,2D Floor Plan,jpg,640,480,FALSE,TRUE
1161867,599062,1 Bed 1 Bath,146,9,FALSE,623896,1 Bed 1 Bath,1,1,831,831,831,1782,1847,1814.5,Floorplan,73258,https://medialibrarycf.entrata.com/14461/MLv3/4/22/2022/3/26/73258/39601_1161867_5fb6c6a2d014c5.78627615749.jpg,NA,2D Floor Plan,jpg,640,480,TRUE,TRUE
1161867,599064,1 Bed 1 Bath ADA,4,2,FALSE,623895,1 Bed 1 Bath ADA,1,1,766,766,766,1797,3524,2660.5,Floorplan,73263,https://medialibrarycf.entrata.com/14461/MLv3/4/23/2022/03/23/022251/34431_1161867_59010a3ae6b00460.jpg,NA,3D Floor Plan,jpg,640,480,TRUE,TRUE
1161867,599066,1 Bed 1 Bath w/ Den,31,1,FALSE,623897,1 Bed 1 Bath w/ Den,1,1,898,898,898,2119,2119,2119,Floorplan,73261,https://medialibrarycf.entrata.com/14461/MLv3/4/23/2022/03/23/022251/34262_1161867_5f1f15b234d975.97151789832.jpg,NA,3D Floor Plan,jpg,640,480,TRUE,TRUE
1161867,599068,1Bed1.5 Bath w/ Den,3,0,FALSE,623899,1Bed1.5 Bath w/ Den,1,1,947,947,947,2366,2810,2588,Floorplan,73264,https://medialibrarycf.entrata.com/14461/MLv3/4/23/2022/03/23/022251/34439_1161867_59011b8d8eb64835.jpg,NA,3D Floor Plan,jpg,640,480,TRUE,TRUE
1161867,599070,1 Bed 1 Bath Loft,12,6,FALSE,623904,1 Bed 1 Bath Loft,1,1,908,908,908,2304,4376,3340,Floorplan,73248,https://medialibrarycf.entrata.com/14461/MLv3/4/22/2022/3/26/73248/34419_1161867_59037213e5790930.jpg,NA,2D Floor Plan,jpg,640,480,TRUE,TRUE
1161867,599072,1Bed1Bath Loftw/ Den,3,1,FALSE,623876,Default Unit Type,1,1,1151,1151,1151,2520,2567,2543.5,Floorplan,73266,https://medialibrarycf.entrata.com/14461/MLv3/4/23/2022/03/23/022251/34448_1161867_59011c66c7caf890.jpg,NA,3D Floor Plan,jpg,640,480,TRUE,TRUE
1161867,599072,1Bed1Bath Loftw/ Den,3,1,FALSE,623901,1Bed1Bath Loftw/ Den,1,1,1151,1151,1151,2520,2567,2543.5,Floorplan,73266,https://medialibrarycf.entrata.com/14461/MLv3/4/23/2022/03/23/022251/34448_1161867_59011c66c7caf890.jpg,NA,3D Floor Plan,jpg,640,480,TRUE,TRUE
1161867,599074,2 Bed 2 Bath,145,8,FALSE,623894,2 Bed 2 Bath,2,2,1120,1120,1120,2214,2317,2265.5,Floorplan,73262,https://medialibrarycf.entrata.com/14461/MLv3/4/23/2022/03/23/022251/34407_1161867_5ebd941753d8b0.20655063872.jpg,NA,3D Floor Plan,jpg,640,480,FALSE,TRUE
1161867,599074,2 Bed 2 Bath,145,8,FALSE,623894,2 Bed 2 Bath,2,2,1120,1120,1120,2214,2317,2265.5,Floorplan,73260,https://medialibrarycf.entrata.com/14461/MLv3/4/23/2022/03/23/022251/33050_1161867_5fd791a53a91d2.07566124804.jpg,NA,3D Floor Plan,jpg,640,480,TRUE,TRUE
1161867,599076,2 Bed 2 Bath ADA,4,2,FALSE,623898,2 Bed 2 Bath ADA,2,2,1151,1151,1151,2214,2313,2263.5,Floorplan,73249,https://medialibrarycf.entrata.com/14461/MLv3/4/22/2022/3/26/73249/34433_1161867_5901110e38a8f800.jpg,NA,2D Floor Plan,jpg,640,480,TRUE,TRUE
1161867,599078,2 Bed 2 Bath w/ Den,21,1,FALSE,623893,2 Bed 2 Bath w/ Den,2,2,1306,1306,1306,3280,5984,4632,Floorplan,73251,https://medialibrarycf.entrata.com/14461/MLv3/4/23/2022/03/23/022251/39222_1161867_5de56acc42b3e2.62481834311.jpg,NA,3D Floor Plan,jpg,640,480,FALSE,TRUE
1161867,599078,2 Bed 2 Bath w/ Den,21,1,FALSE,623893,2 Bed 2 Bath w/ Den,2,2,1306,1306,1306,3280,5984,4632,Floorplan,73252,https://medialibrarycf.entrata.com/14461/MLv3/4/23/2022/03/23/022251/33343_1161867_5fff69d2ec2095.26669047807.jpg,NA,3D Floor Plan,jpg,640,480,TRUE,TRUE
1161867,599080,2 Bed 2 Bath Loft,9,1,FALSE,623900,2 Bed 2 Bath Loft,2,2,1394,1394,1394,3323,3450,3386.5,Floorplan,73255,https://medialibrarycf.entrata.com/14461/MLv3/4/22/2022/3/26/73255/38625_1161867_5ebf0d7debe1e1.51599242373.jpg,NA,2D Floor Plan,jpg,640,480,FALSE,TRUE
1161867,599080,2 Bed 2 Bath Loft,9,1,FALSE,623900,2 Bed 2 Bath Loft,2,2,1394,1394,1394,3323,3450,3386.5,Floorplan,73253,https://medialibrarycf.entrata.com/14461/MLv3/4/23/2022/03/23/022251/39524_1161867_5fa9873dab0058.35734329680.jpg,NA,3D Floor Plan,jpg,640,480,FALSE,TRUE
1161867,599080,2 Bed 2 Bath Loft,9,1,FALSE,623900,2 Bed 2 Bath Loft,2,2,1394,1394,1394,3323,3450,3386.5,Floorplan,73254,https://medialibrarycf.entrata.com/14461/MLv3/4/23/2022/03/23/022251/39556_1161867_5fa98781366317.66217731746.jpg,NA,3D Floor Plan,jpg,640,480,TRUE,TRUE
1161867,599082,2Bed2Bath Loftw/ Den,1,0,FALSE,623905,2Bed2Bath Loftw/ Den,2,2,1419,1419,1419,3788,3788,3788,Floorplan,73267,https://medialibrarycf.entrata.com/14461/MLv3/4/23/2022/03/23/022251/34451_1161867_59011c8b9f0bd152.jpg,NA,3D Floor Plan,jpg,640,480,TRUE,TRUE
518044,493291,B1,13,11,FALSE,612576,B1,2,2,883,883,883,1070,1540,1305,Floorplan,13353,https://medialibrarycf.entrata.com/14461/MLv3/4/23/2022/3/22/13353/5daf57d3938ef9.39639688824.jpg,B1,3D Floor Plan,jpg,640,480,TRUE,TRUE
518044,493292,B2,5,4,FALSE,612577,B2,2,2,920,920,920,1475,1505,1490,Floorplan,13354,https://medialibrarycf.entrata.com/14461/MLv3/4/23/2022/3/22/13354/5daf58a3121f55.20654558362.jpg,B2,3D Floor Plan,jpg,640,480,TRUE,TRUE
518044,493294,B3,1,0,FALSE,612579,B3,2,2,998,998,998,1485,1505,1495,Floorplan,13355,https://medialibrarycf.entrata.com/14461/MLv3/4/23/2022/3/22/13355/5daf58c5dd2fb7.45372568297.jpg,B3,3D Floor Plan,jpg,640,480,TRUE,TRUE
518044,493287,B4,1,1,FALSE,612572,B4,2,2,984,984,984,1505,1505,1505,Floorplan,13356,https://medialibrarycf.entrata.com/14461/MLv3/4/23/2022/3/22/13356/5daf58db62f592.37897941668.jpg,B4,3D Floor Plan,jpg,640,480,TRUE,TRUE
518044,493293,C1,16,15,FALSE,612578,C1,3,3,1218,1218,1218,1035,1485,1260,Floorplan,13357,https://medialibrarycf.entrata.com/14461/MLv3/4/23/2022/3/22/13357/5daf58f8001e81.14766117855.jpg,C1,3D Floor Plan,jpg,640,480,TRUE,TRUE
518044,493290,C2,1,1,FALSE,618457,C2,3,3,1367,1367,1367,985,1000,992.5,Floorplan,13358,https://medialibrarycf.entrata.com/14461/MLv3/4/23/2022/3/22/13358/5daf5910804768.99167284542.jpg,C2,3D Floor Plan,jpg,640,480,TRUE,TRUE
518044,493286,C3,5,5,FALSE,612573,C3,3,3,1294,1294,1294,995,1455,1225,Floorplan,13359,https://medialibrarycf.entrata.com/14461/MLv3/4/23/2022/3/22/13359/5daf59346e5896.33586225420.jpg,C3,3D Floor Plan,jpg,640,480,TRUE,TRUE
518044,493288,C4,5,5,FALSE,612571,C4,3,3,1360,1360,1360,995,1455,1225,Floorplan,13360,https://medialibrarycf.entrata.com/14461/MLv3/4/23/2022/3/22/13360/5daf595c60bd23.37646478815.jpg,C4,3D Floor Plan,jpg,640,480,TRUE,TRUE
518044,493289,D1,34,34,FALSE,612574,D1,4,4,1562,1562,1562,1465,1495,1480,Floorplan,13361,https://medialibrarycf.entrata.com/14461/MLv3/4/23/2022/3/22/13361/5daf597f62f366.67283560559.jpg,D1,3D Floor Plan,jpg,640,480,TRUE,TRUE
518044,493295,D2,2,2,FALSE,612580,D2,4,4,1460,1460,1460,985,1425,1205,Floorplan,13362,https://medialibrarycf.entrata.com/14461/MLv3/4/23/2022/3/22/13362/5daf59a1caae48.38942656120.jpg,D2,3D Floor Plan,jpg,640,480,TRUE,TRUE
518044,600416,6bd,1,1,FALSE,NA,NA,6,6,NA,NA,NA,NA,NA,NA,NA,NA,NA,NA,NA,NA,NA,NA,NA,NA
952515,569027,A1,20,1,FALSE,622518,A1,1,1,611,611,611,1450,1590,1520,Floorplan,13390,https://medialibrarycf.entrata.com/14461/MLv3/4/23/2022/3/22/13390/5e0a1cc31f9b67.98739034746.jpg,A1,3D Floor Plan,jpg,640,480,TRUE,TRUE
952515,569024,B1 ALT,15,4,FALSE,622515,B1 ALT,2,2,944,944,944,1200,1300,1250,Floorplan,13392,https://medialibrarycf.entrata.com/14461/MLv3/4/23/2022/3/22/13392/5e0a1cf800c5b5.09899358435.jpg,B1-ALT,3D Floor Plan,jpg,640,480,TRUE,TRUE
952515,569025,B1,32,2,FALSE,622516,B1,2,2,826,826,826,1100,1225,1162.5,Floorplan,13391,https://medialibrarycf.entrata.com/14461/MLv3/4/23/2022/3/22/13391/5e0a1d2d90cb15.95529269134.jpg,B1,3D Floor Plan,jpg,640,480,TRUE,TRUE
952515,569022,C1,22,2,FALSE,622513,C1,3,3,1155,1155,1155,980,1080,1030,Floorplan,13393,https://medialibrarycf.entrata.com/14461/MLv3/4/23/2022/3/22/13393/5e0a1d7c664282.04075313139.jpg,C1,3D Floor Plan,jpg,640,480,TRUE,TRUE
952515,569021,D1,77,12,FALSE,622512,D1,4,4,1392,1392,1392,1000,1025,1012.5,Floorplan,13394,https://medialibrarycf.entrata.com/14461/MLv3/4/23/2022/3/22/13394/5e0a1dc76acc39.95242177684.jpg,D1,3D Floor Plan,jpg,640,480,TRUE,TRUE
952515,569020,D2,22,4,FALSE,622511,D2,4,4,1488,1488,1488,990,1020,1005,Floorplan,13397,https://medialibrarycf.entrata.com/14461/MLv3/4/23/2022/3/22/13397/5e0a1e88f33093.78880277775.jpg,D2,3D Floor Plan,jpg,640,480,TRUE,TRUE
952515,569023,D3,60,15,FALSE,622514,D3,4,4,1708,1708,1708,1010,1075,1042.5,Floorplan,13398,https://medialibrarycf.entrata.com/14461/MLv3/4/23/2022/3/22/13398/5e0a1ec27022a3.52898071181.jpg,D3,3D Floor Plan,jpg,640,480,TRUE,TRUE
577897,508684,A1,105,3,FALSE,618759,a1hc Side by Side,1,1,733,733,733,1545,1970,1757.5,Floorplan,12900,https://medialibrarycf.entrata.com/14461/MLv3/4/23/2022/3/22/12900/5a7d9b8c000f75.62096958964.jpg,NA,3D Floor Plan,jpg,640,480,TRUE,TRUE
577897,508684,A1,105,3,FALSE,618750,a1a TF Stack,1,1,733,733,733,1545,1970,1757.5,Floorplan,12900,https://medialibrarycf.entrata.com/14461/MLv3/4/23/2022/3/22/12900/5a7d9b8c000f75.62096958964.jpg,NA,3D Floor Plan,jpg,640,480,TRUE,TRUE
577897,508684,A1,105,3,FALSE,618753,a1c 1F Stack,1,1,733,733,733,1545,1970,1757.5,Floorplan,12900,https://medialibrarycf.entrata.com/14461/MLv3/4/23/2022/3/22/12900/5a7d9b8c000f75.62096958964.jpg,NA,3D Floor Plan,jpg,640,480,TRUE,TRUE
577897,508684,A1,105,3,FALSE,618745,a1a 1F Pool Stack,1,1,733,733,733,1545,1970,1757.5,Floorplan,12900,https://medialibrarycf.entrata.com/14461/MLv3/4/23/2022/3/22/12900/5a7d9b8c000f75.62096958964.jpg,NA,3D Floor Plan,jpg,640,480,TRUE,TRUE
577897,508684,A1,105,3,FALSE,618757,a1hc Pool Side by Side,1,1,733,733,733,1545,1970,1757.5,Floorplan,12900,https://medialibrarycf.entrata.com/14461/MLv3/4/23/2022/3/22/12900/5a7d9b8c000f75.62096958964.jpg,NA,3D Floor Plan,jpg,640,480,TRUE,TRUE
577897,508684,A1,105,3,FALSE,618760,a1hc TF Pool Side by Side,1,1,733,733,733,1545,1970,1757.5,Floorplan,12900,https://medialibrarycf.entrata.com/14461/MLv3/4/23/2022/3/22/12900/5a7d9b8c000f75.62096958964.jpg,NA,3D Floor Plan,jpg,640,480,TRUE,TRUE
577897,508684,A1,105,3,FALSE,618748,a1a TF Pool Stack,1,1,733,733,733,1545,1970,1757.5,Floorplan,12900,https://medialibrarycf.entrata.com/14461/MLv3/4/23/2022/3/22/12900/5a7d9b8c000f75.62096958964.jpg,NA,3D Floor Plan,jpg,640,480,TRUE,TRUE
577897,508684,A1,105,3,FALSE,618746,a1a 1F Courtyard Stack,1,1,733,733,733,1545,1970,1757.5,Floorplan,12900,https://medialibrarycf.entrata.com/14461/MLv3/4/23/2022/3/22/12900/5a7d9b8c000f75.62096958964.jpg,NA,3D Floor Plan,jpg,640,480,TRUE,TRUE
577897,508684,A1,105,3,FALSE,618743,a1a 1F Stack,1,1,733,733,733,1545,1970,1757.5,Floorplan,12900,https://medialibrarycf.entrata.com/14461/MLv3/4/23/2022/3/22/12900/5a7d9b8c000f75.62096958964.jpg,NA,3D Floor Plan,jpg,640,480,TRUE,TRUE
577897,508684,A1,105,3,FALSE,618749,a1a Pool Stack,1,1,733,733,733,1545,1970,1757.5,Floorplan,12900,https://medialibrarycf.entrata.com/14461/MLv3/4/23/2022/3/22/12900/5a7d9b8c000f75.62096958964.jpg,NA,3D Floor Plan,jpg,640,480,TRUE,TRUE
577897,508684,A1,105,3,FALSE,618744,a1a stack,1,1,733,733,733,1545,1970,1757.5,Floorplan,12900,https://medialibrarycf.entrata.com/14461/MLv3/4/23/2022/3/22/12900/5a7d9b8c000f75.62096958964.jpg,NA,3D Floor Plan,jpg,640,480,TRUE,TRUE
577897,508684,A1,105,3,FALSE,618747,a1a Courtyard Stack,1,1,733,733,733,1545,1970,1757.5,Floorplan,12900,https://medialibrarycf.entrata.com/14461/MLv3/4/23/2022/3/22/12900/5a7d9b8c000f75.62096958964.jpg,NA,3D Floor Plan,jpg,640,480,TRUE,TRUE
577897,508684,A1,105,3,FALSE,618751,a1b Pool Stack,1,1,733,733,733,1545,1970,1757.5,Floorplan,12900,https://medialibrarycf.entrata.com/14461/MLv3/4/23/2022/3/22/12900/5a7d9b8c000f75.62096958964.jpg,NA,3D Floor Plan,jpg,640,480,TRUE,TRUE
577897,508684,A1,105,3,FALSE,618752,a1b Stack,1,1,733,733,733,1545,1970,1757.5,Floorplan,12900,https://medialibrarycf.entrata.com/14461/MLv3/4/23/2022/3/22/12900/5a7d9b8c000f75.62096958964.jpg,NA,3D Floor Plan,jpg,640,480,TRUE,TRUE
577897,508684,A1,105,3,FALSE,618754,a1hc 1F Pool Side by Side,1,1,733,733,733,1545,1970,1757.5,Floorplan,12900,https://medialibrarycf.entrata.com/14461/MLv3/4/23/2022/3/22/12900/5a7d9b8c000f75.62096958964.jpg,NA,3D Floor Plan,jpg,640,480,TRUE,TRUE
577897,508684,A1,105,3,FALSE,618755,a1hc 1F Stack,1,1,733,733,733,1545,1970,1757.5,Floorplan,12900,https://medialibrarycf.entrata.com/14461/MLv3/4/23/2022/3/22/12900/5a7d9b8c000f75.62096958964.jpg,NA,3D Floor Plan,jpg,640,480,TRUE,TRUE
577897,508684,A1,105,3,FALSE,618756,a1hc 1F Side by Side,1,1,733,733,733,1545,1970,1757.5,Floorplan,12900,https://medialibrarycf.entrata.com/14461/MLv3/4/23/2022/3/22/12900/5a7d9b8c000f75.62096958964.jpg,NA,3D Floor Plan,jpg,640,480,TRUE,TRUE
577897,508684,A1,105,3,FALSE,618758,a1hc TF Side by Side,1,1,733,733,733,1545,1970,1757.5,Floorplan,12900,https://medialibrarycf.entrata.com/14461/MLv3/4/23/2022/3/22/12900/5a7d9b8c000f75.62096958964.jpg,NA,3D Floor Plan,jpg,640,480,TRUE,TRUE
577897,508686,A1 Loft,26,1,FALSE,618764,a1bl TF Pool Stack,1,1,874,874,874,1875,2195,2035,Floorplan,12901,https://medialibrarycf.entrata.com/14461/MLv3/4/23/2022/3/22/12901/5a7d9e20c0f091.74352933537.jpg,NA,3D Floor Plan,jpg,640,480,TRUE,TRUE
577897,508686,A1 Loft,26,1,FALSE,618765,a1bl TF Stack,1,1,874,874,874,1875,2195,2035,Floorplan,12901,https://medialibrarycf.entrata.com/14461/MLv3/4/23/2022/3/22/12901/5a7d9e20c0f091.74352933537.jpg,NA,3D Floor Plan,jpg,640,480,TRUE,TRUE
577897,508686,A1 Loft,26,1,FALSE,618762,a1al TF Pool Stack,1,1,874,874,874,1875,2195,2035,Floorplan,12901,https://medialibrarycf.entrata.com/14461/MLv3/4/23/2022/3/22/12901/5a7d9e20c0f091.74352933537.jpg,NA,3D Floor Plan,jpg,640,480,TRUE,TRUE
577897,508686,A1 Loft,26,1,FALSE,618761,a1al TF Courtyard Stack,1,1,874,874,874,1875,2195,2035,Floorplan,12901,https://medialibrarycf.entrata.com/14461/MLv3/4/23/2022/3/22/12901/5a7d9e20c0f091.74352933537.jpg,NA,3D Floor Plan,jpg,640,480,TRUE,TRUE
577897,508686,A1 Loft,26,1,FALSE,618763,a1al TF Stack,1,1,874,874,874,1875,2195,2035,Floorplan,12901,https://medialibrarycf.entrata.com/14461/MLv3/4/23/2022/3/22/12901/5a7d9e20c0f091.74352933537.jpg,NA,3D Floor Plan,jpg,640,480,TRUE,TRUE
577897,508688,A2,4,1,FALSE,618767,a2 Pool Side by Side,1,1,863,863,863,1528,1828,1678,Floorplan,12906,https://medialibrarycf.entrata.com/14461/MLv3/4/23/2022/3/22/12906/5a7d9eaa3f9685.71393665268.jpg,NA,3D Floor Plan,jpg,640,480,TRUE,TRUE
577897,508688,A2,4,1,FALSE,618766,a2 1F Pool Side by Side,1,1,863,863,863,1528,1828,1678,Floorplan,12906,https://medialibrarycf.entrata.com/14461/MLv3/4/23/2022/3/22/12906/5a7d9eaa3f9685.71393665268.jpg,NA,3D Floor Plan,jpg,640,480,TRUE,TRUE
577897,508688,A2,4,1,FALSE,618768,a2 TF Pool Side by Side,1,1,863,863,863,1528,1828,1678,Floorplan,12906,https://medialibrarycf.entrata.com/14461/MLv3/4/23/2022/3/22/12906/5a7d9eaa3f9685.71393665268.jpg,NA,3D Floor Plan,jpg,640,480,TRUE,TRUE
577897,508690,A3,36,3,FALSE,618769,a3a 1F Pool Side by Side,1,1,926,958,942,1665,2074,1869.5,Floorplan,12905,https://medialibrarycf.entrata.com/14461/MLv3/4/23/2022/3/22/12905/5a7d9ee6dd9e06.90110486404.jpg,NA,3D Floor Plan,jpg,640,480,TRUE,TRUE
577897,508690,A3,36,3,FALSE,618777,a3b Side by Side,1,1,926,958,942,1665,2074,1869.5,Floorplan,12905,https://medialibrarycf.entrata.com/14461/MLv3/4/23/2022/3/22/12905/5a7d9ee6dd9e06.90110486404.jpg,NA,3D Floor Plan,jpg,640,480,TRUE,TRUE
577897,508690,A3,36,3,FALSE,618779,a3c Side by Side,1,1,926,958,942,1665,2074,1869.5,Floorplan,12905,https://medialibrarycf.entrata.com/14461/MLv3/4/23/2022/3/22/12905/5a7d9ee6dd9e06.90110486404.jpg,NA,3D Floor Plan,jpg,640,480,TRUE,TRUE
577897,508690,A3,36,3,FALSE,618780,a3d Side by Side,1,1,926,958,942,1665,2074,1869.5,Floorplan,12905,https://medialibrarycf.entrata.com/14461/MLv3/4/23/2022/3/22/12905/5a7d9ee6dd9e06.90110486404.jpg,NA,3D Floor Plan,jpg,640,480,TRUE,TRUE
577897,508690,A3,36,3,FALSE,618774,a3a TF Pool Side by Side,1,1,926,958,942,1665,2074,1869.5,Floorplan,12905,https://medialibrarycf.entrata.com/14461/MLv3/4/23/2022/3/22/12905/5a7d9ee6dd9e06.90110486404.jpg,NA,3D Floor Plan,jpg,640,480,TRUE,TRUE
577897,508690,A3,36,3,FALSE,618776,a3b TF Side by Side,1,1,926,958,942,1665,2074,1869.5,Floorplan,12905,https://medialibrarycf.entrata.com/14461/MLv3/4/23/2022/3/22/12905/5a7d9ee6dd9e06.90110486404.jpg,NA,3D Floor Plan,jpg,640,480,TRUE,TRUE
577897,508690,A3,36,3,FALSE,618778,a3c TF Side by Side,1,1,926,958,942,1665,2074,1869.5,Floorplan,12905,https://medialibrarycf.entrata.com/14461/MLv3/4/23/2022/3/22/12905/5a7d9ee6dd9e06.90110486404.jpg,NA,3D Floor Plan,jpg,640,480,TRUE,TRUE
577897,508690,A3,36,3,FALSE,618770,a3a 1F Side by Side,1,1,926,958,942,1665,2074,1869.5,Floorplan,12905,https://medialibrarycf.entrata.com/14461/MLv3/4/23/2022/3/22/12905/5a7d9ee6dd9e06.90110486404.jpg,NA,3D Floor Plan,jpg,640,480,TRUE,TRUE
577897,508690,A3,36,3,FALSE,618771,a3a Pool Side by Side,1,1,926,958,942,1665,2074,1869.5,Floorplan,12905,https://medialibrarycf.entrata.com/14461/MLv3/4/23/2022/3/22/12905/5a7d9ee6dd9e06.90110486404.jpg,NA,3D Floor Plan,jpg,640,480,TRUE,TRUE
577897,508690,A3,36,3,FALSE,618773,a3a Side by Side,1,1,926,958,942,1665,2074,1869.5,Floorplan,12905,https://medialibrarycf.entrata.com/14461/MLv3/4/23/2022/3/22/12905/5a7d9ee6dd9e06.90110486404.jpg,NA,3D Floor Plan,jpg,640,480,TRUE,TRUE
577897,508690,A3,36,3,FALSE,618775,a3b 1F Side by Side,1,1,926,958,942,1665,2074,1869.5,Floorplan,12905,https://medialibrarycf.entrata.com/14461/MLv3/4/23/2022/3/22/12905/5a7d9ee6dd9e06.90110486404.jpg,NA,3D Floor Plan,jpg,640,480,TRUE,TRUE
577897,508690,A3,36,3,FALSE,618783,a3bl TF Side by Side,1,1,926,958,942,1665,2074,1869.5,Floorplan,12905,https://medialibrarycf.entrata.com/14461/MLv3/4/23/2022/3/22/12905/5a7d9ee6dd9e06.90110486404.jpg,NA,3D Floor Plan,jpg,640,480,TRUE,TRUE
577897,508692,A3 Loft,5,1,FALSE,618772,a3a TF Side by Side,1,1,1073,1129,1101,2055,2293,2174,Floorplan,12902,https://medialibrarycf.entrata.com/14461/MLv3/4/23/2022/3/22/12902/5a7d9f1ac5b590.18604343814.jpg,NA,3D Floor Plan,jpg,640,480,TRUE,TRUE
577897,508692,A3 Loft,5,1,FALSE,618781,a3al TF Pool Stack,1,1,1073,1129,1101,2055,2293,2174,Floorplan,12902,https://medialibrarycf.entrata.com/14461/MLv3/4/23/2022/3/22/12902/5a7d9f1ac5b590.18604343814.jpg,NA,3D Floor Plan,jpg,640,480,TRUE,TRUE
577897,508692,A3 Loft,5,1,FALSE,618782,a3al TF Pool Side by Side,1,1,1073,1129,1101,2055,2293,2174,Floorplan,12902,https://medialibrarycf.entrata.com/14461/MLv3/4/23/2022/3/22/12902/5a7d9f1ac5b590.18604343814.jpg,NA,3D Floor Plan,jpg,640,480,TRUE,TRUE
577897,508692,A3 Loft,5,1,FALSE,618784,a3dl TF Side by Side,1,1,1073,1129,1101,2055,2293,2174,Floorplan,12902,https://medialibrarycf.entrata.com/14461/MLv3/4/23/2022/3/22/12902/5a7d9f1ac5b590.18604343814.jpg,NA,3D Floor Plan,jpg,640,480,TRUE,TRUE
577897,508694,A4,8,2,FALSE,618787,a4 TF Stack,1,1,759,759,759,1590,1929,1759.5,Floorplan,12904,https://medialibrarycf.entrata.com/14461/MLv3/4/23/2022/3/22/12904/5a7d9f3f92b354.21165552680.jpg,NA,3D Floor Plan,jpg,640,480,TRUE,TRUE
577897,508694,A4,8,2,FALSE,618786,a4 1F Stack,1,1,759,759,759,1590,1929,1759.5,Floorplan,12904,https://medialibrarycf.entrata.com/14461/MLv3/4/23/2022/3/22/12904/5a7d9f3f92b354.21165552680.jpg,NA,3D Floor Plan,jpg,640,480,TRUE,TRUE
577897,508694,A4,8,2,FALSE,618785,a4 1F Side by Side,1,1,759,759,759,1590,1929,1759.5,Floorplan,12904,https://medialibrarycf.entrata.com/14461/MLv3/4/23/2022/3/22/12904/5a7d9f3f92b354.21165552680.jpg,NA,3D Floor Plan,jpg,640,480,TRUE,TRUE
577897,508694,A4,8,2,FALSE,618789,a4 Stack,1,1,759,759,759,1590,1929,1759.5,Floorplan,12904,https://medialibrarycf.entrata.com/14461/MLv3/4/23/2022/3/22/12904/5a7d9f3f92b354.21165552680.jpg,NA,3D Floor Plan,jpg,640,480,TRUE,TRUE
577897,508696,A5,4,0,FALSE,618792,a5 TF Pool Side by Side Terrace,1,1,887,887,887,2051,2097,2074,Floorplan,12903,https://medialibrarycf.entrata.com/14461/MLv3/4/23/2022/3/22/12903/5a7d9f657f5184.15559932999.jpg,NA,3D Floor Plan,jpg,640,480,TRUE,TRUE
577897,508696,A5,4,0,FALSE,618790,a5 1F Pool Side by Side Terrace,1,1,887,887,887,2051,2097,2074,Floorplan,12903,https://medialibrarycf.entrata.com/14461/MLv3/4/23/2022/3/22/12903/5a7d9f657f5184.15559932999.jpg,NA,3D Floor Plan,jpg,640,480,TRUE,TRUE
577897,508696,A5,4,0,FALSE,618791,a5 Pool Side by Side Terrace,1,1,887,887,887,2051,2097,2074,Floorplan,12903,https://medialibrarycf.entrata.com/14461/MLv3/4/23/2022/3/22/12903/5a7d9f657f5184.15559932999.jpg,NA,3D Floor Plan,jpg,640,480,TRUE,TRUE
577897,508698,B1,53,3,FALSE,618796,b1 Pool Side by Side,2,2,1066,1066,1066,2100,2450,2275,Floorplan,12909,https://medialibrarycf.entrata.com/14461/MLv3/4/23/2022/3/22/12909/5a7d9f8e07c6d0.33471544364.jpg,NA,3D Floor Plan,jpg,640,480,TRUE,TRUE
577897,508698,B1,53,3,FALSE,618797,b1 TF Side by Side,2,2,1066,1066,1066,2100,2450,2275,Floorplan,12909,https://medialibrarycf.entrata.com/14461/MLv3/4/23/2022/3/22/12909/5a7d9f8e07c6d0.33471544364.jpg,NA,3D Floor Plan,jpg,640,480,TRUE,TRUE
577897,508698,B1,53,3,FALSE,618800,b1hc 1F Side by Side,2,2,1066,1066,1066,2100,2450,2275,Floorplan,12909,https://medialibrarycf.entrata.com/14461/MLv3/4/23/2022/3/22/12909/5a7d9f8e07c6d0.33471544364.jpg,NA,3D Floor Plan,jpg,640,480,TRUE,TRUE
577897,508698,B1,53,3,FALSE,618794,b1 1F Pool Side by Side,2,2,1066,1066,1066,2100,2450,2275,Floorplan,12909,https://medialibrarycf.entrata.com/14461/MLv3/4/23/2022/3/22/12909/5a7d9f8e07c6d0.33471544364.jpg,NA,3D Floor Plan,jpg,640,480,TRUE,TRUE
577897,508698,B1,53,3,FALSE,618799,b1 1F Courtyard Side by Side,2,2,1066,1066,1066,2100,2450,2275,Floorplan,12909,https://medialibrarycf.entrata.com/14461/MLv3/4/23/2022/3/22/12909/5a7d9f8e07c6d0.33471544364.jpg,NA,3D Floor Plan,jpg,640,480,TRUE,TRUE
577897,508698,B1,53,3,FALSE,618795,b1 1F Side by Side,2,2,1066,1066,1066,2100,2450,2275,Floorplan,12909,https://medialibrarycf.entrata.com/14461/MLv3/4/23/2022/3/22/12909/5a7d9f8e07c6d0.33471544364.jpg,NA,3D Floor Plan,jpg,640,480,TRUE,TRUE
577897,508698,B1,53,3,FALSE,618793,b1 Courtyard Side by Side,2,2,1066,1066,1066,2100,2450,2275,Floorplan,12909,https://medialibrarycf.entrata.com/14461/MLv3/4/23/2022/3/22/12909/5a7d9f8e07c6d0.33471544364.jpg,NA,3D Floor Plan,jpg,640,480,TRUE,TRUE
577897,508698,B1,53,3,FALSE,618798,b1 Side by Side,2,2,1066,1066,1066,2100,2450,2275,Floorplan,12909,https://medialibrarycf.entrata.com/14461/MLv3/4/23/2022/3/22/12909/5a7d9f8e07c6d0.33471544364.jpg,NA,3D Floor Plan,jpg,640,480,TRUE,TRUE
577897,508698,B1,53,3,FALSE,618801,b1hc Side by Side,2,2,1066,1066,1066,2100,2450,2275,Floorplan,12909,https://medialibrarycf.entrata.com/14461/MLv3/4/23/2022/3/22/12909/5a7d9f8e07c6d0.33471544364.jpg,NA,3D Floor Plan,jpg,640,480,TRUE,TRUE
577897,508700,B1 Loft,16,1,FALSE,618803,b1al TF Side by Side,2,2,1193,1206,1199.5,2530,2830,2680,Floorplan,12908,https://medialibrarycf.entrata.com/14461/MLv3/4/23/2022/3/22/12908/5a7d9fbbae8b81.92867207141.jpg,NA,3D Floor Plan,jpg,640,480,TRUE,TRUE
577897,508700,B1 Loft,16,1,FALSE,618806,b1bl TF Pool Side by Side,2,2,1193,1206,1199.5,2530,2830,2680,Floorplan,12908,https://medialibrarycf.entrata.com/14461/MLv3/4/23/2022/3/22/12908/5a7d9fbbae8b81.92867207141.jpg,NA,3D Floor Plan,jpg,640,480,TRUE,TRUE
577897,508700,B1 Loft,16,1,FALSE,618804,b1al TF Courtyard Side by Side,2,2,1193,1206,1199.5,2530,2830,2680,Floorplan,12908,https://medialibrarycf.entrata.com/14461/MLv3/4/23/2022/3/22/12908/5a7d9fbbae8b81.92867207141.jpg,NA,3D Floor Plan,jpg,640,480,TRUE,TRUE
577897,508700,B1 Loft,16,1,FALSE,618805,b1bl TF Side by Side,2,2,1193,1206,1199.5,2530,2830,2680,Floorplan,12908,https://medialibrarycf.entrata.com/14461/MLv3/4/23/2022/3/22/12908/5a7d9fbbae8b81.92867207141.jpg,NA,3D Floor Plan,jpg,640,480,TRUE,TRUE
577897,508700,B1 Loft,16,1,FALSE,618802,b1al TF Pool Side by Side,2,2,1193,1206,1199.5,2530,2830,2680,Floorplan,12908,https://medialibrarycf.entrata.com/14461/MLv3/4/23/2022/3/22/12908/5a7d9fbbae8b81.92867207141.jpg,NA,3D Floor Plan,jpg,640,480,TRUE,TRUE
577897,508702,B2,21,0,FALSE,618807,b2a Courtyard Side by Side,2,2,1150,1177,1163.5,2377,2569,2473,Floorplan,12910,https://medialibrarycf.entrata.com/14461/MLv3/4/23/2022/3/22/12910/5a7d9fe1a987a0.07991499614.jpg,NA,3D Floor Plan,jpg,640,480,TRUE,TRUE
577897,508702,B2,21,0,FALSE,618815,b2b Courtyard Side by Side,2,2,1150,1177,1163.5,2377,2569,2473,Floorplan,12910,https://medialibrarycf.entrata.com/14461/MLv3/4/23/2022/3/22/12910/5a7d9fe1a987a0.07991499614.jpg,NA,3D Floor Plan,jpg,640,480,TRUE,TRUE
577897,508702,B2,21,0,FALSE,618817,b2b Side by Side,2,2,1150,1177,1163.5,2377,2569,2473,Floorplan,12910,https://medialibrarycf.entrata.com/14461/MLv3/4/23/2022/3/22/12910/5a7d9fe1a987a0.07991499614.jpg,NA,3D Floor Plan,jpg,640,480,TRUE,TRUE
577897,508702,B2,21,0,FALSE,618809,b2a 1F Side by Side,2,2,1150,1177,1163.5,2377,2569,2473,Floorplan,12910,https://medialibrarycf.entrata.com/14461/MLv3/4/23/2022/3/22/12910/5a7d9fe1a987a0.07991499614.jpg,NA,3D Floor Plan,jpg,640,480,TRUE,TRUE
577897,508702,B2,21,0,FALSE,618810,b2a 1F Courtyard Side by Side,2,2,1150,1177,1163.5,2377,2569,2473,Floorplan,12910,https://medialibrarycf.entrata.com/14461/MLv3/4/23/2022/3/22/12910/5a7d9fe1a987a0.07991499614.jpg,NA,3D Floor Plan,jpg,640,480,TRUE,TRUE
577897,508702,B2,21,0,FALSE,618808,b2a Side by Side,2,2,1150,1177,1163.5,2377,2569,2473,Floorplan,12910,https://medialibrarycf.entrata.com/14461/MLv3/4/23/2022/3/22/12910/5a7d9fe1a987a0.07991499614.jpg,NA,3D Floor Plan,jpg,640,480,TRUE,TRUE
577897,508702,B2,21,0,FALSE,618813,b2b 1F Courtyard Side by Side,2,2,1150,1177,1163.5,2377,2569,2473,Floorplan,12910,https://medialibrarycf.entrata.com/14461/MLv3/4/23/2022/3/22/12910/5a7d9fe1a987a0.07991499614.jpg,NA,3D Floor Plan,jpg,640,480,TRUE,TRUE
577897,508702,B2,21,0,FALSE,618814,b2b 1F Side by Side,2,2,1150,1177,1163.5,2377,2569,2473,Floorplan,12910,https://medialibrarycf.entrata.com/14461/MLv3/4/23/2022/3/22/12910/5a7d9fe1a987a0.07991499614.jpg,NA,3D Floor Plan,jpg,640,480,TRUE,TRUE
577897,508704,B2 Loft,7,0,FALSE,618811,b2al TF Side by Side,2,2,1384,1411,1397.5,2958,3043,3000.5,Floorplan,12907,https://medialibrarycf.entrata.com/14461/MLv3/4/23/2022/3/22/12907/5a7da0076e6e22.83362083907.jpg,NA,3D Floor Plan,jpg,640,480,TRUE,TRUE
577897,508704,B2 Loft,7,0,FALSE,618818,b2bl TF Courtyard Side by Side,2,2,1384,1411,1397.5,2958,3043,3000.5,Floorplan,12907,https://medialibrarycf.entrata.com/14461/MLv3/4/23/2022/3/22/12907/5a7da0076e6e22.83362083907.jpg,NA,3D Floor Plan,jpg,640,480,TRUE,TRUE
577897,508704,B2 Loft,7,0,FALSE,618812,b2al TF Courtyard Side by Side,2,2,1384,1411,1397.5,2958,3043,3000.5,Floorplan,12907,https://medialibrarycf.entrata.com/14461/MLv3/4/23/2022/3/22/12907/5a7da0076e6e22.83362083907.jpg,NA,3D Floor Plan,jpg,640,480,TRUE,TRUE
577897,508704,B2 Loft,7,0,FALSE,618820,b2cl TF Side by Side,2,2,1384,1411,1397.5,2958,3043,3000.5,Floorplan,12907,https://medialibrarycf.entrata.com/14461/MLv3/4/23/2022/3/22/12907/5a7da0076e6e22.83362083907.jpg,NA,3D Floor Plan,jpg,640,480,TRUE,TRUE
577897,508704,B2 Loft,7,0,FALSE,618819,b2bl TF Side by Side,2,2,1384,1411,1397.5,2958,3043,3000.5,Floorplan,12907,https://medialibrarycf.entrata.com/14461/MLv3/4/23/2022/3/22/12907/5a7da0076e6e22.83362083907.jpg,NA,3D Floor Plan,jpg,640,480,TRUE,TRUE
577897,508706,B3,27,1,FALSE,618830,b3a 1F Side by Side,2,2,1251,1337,1294,2425,2725,2575,Floorplan,12912,https://medialibrarycf.entrata.com/14461/MLv3/4/23/2022/3/22/12912/5a7da027c85d56.79152218689.jpg,NA,3D Floor Plan,jpg,640,480,TRUE,TRUE
577897,508706,B3,27,1,FALSE,618824,b3a Courtyard Side by Side,2,2,1251,1337,1294,2425,2725,2575,Floorplan,12912,https://medialibrarycf.entrata.com/14461/MLv3/4/23/2022/3/22/12912/5a7da027c85d56.79152218689.jpg,NA,3D Floor Plan,jpg,640,480,TRUE,TRUE
577897,508706,B3,27,1,FALSE,618822,b3a Pool Side by Side,2,2,1251,1337,1294,2425,2725,2575,Floorplan,12912,https://medialibrarycf.entrata.com/14461/MLv3/4/23/2022/3/22/12912/5a7da027c85d56.79152218689.jpg,NA,3D Floor Plan,jpg,640,480,TRUE,TRUE
577897,508706,B3,27,1,FALSE,618829,b3a TF Courtyard Side by Side,2,2,1251,1337,1294,2425,2725,2575,Floorplan,12912,https://medialibrarycf.entrata.com/14461/MLv3/4/23/2022/3/22/12912/5a7da027c85d56.79152218689.jpg,NA,3D Floor Plan,jpg,640,480,TRUE,TRUE
577897,508706,B3,27,1,FALSE,618827,b3a TF Side by Side,2,2,1251,1337,1294,2425,2725,2575,Floorplan,12912,https://medialibrarycf.entrata.com/14461/MLv3/4/23/2022/3/22/12912/5a7da027c85d56.79152218689.jpg,NA,3D Floor Plan,jpg,640,480,TRUE,TRUE
577897,508706,B3,27,1,FALSE,618828,b3a TF Pool Side by Side,2,2,1251,1337,1294,2425,2725,2575,Floorplan,12912,https://medialibrarycf.entrata.com/14461/MLv3/4/23/2022/3/22/12912/5a7da027c85d56.79152218689.jpg,NA,3D Floor Plan,jpg,640,480,TRUE,TRUE
577897,508706,B3,27,1,FALSE,618825,b3a 1F Courtyard Side by Side,2,2,1251,1337,1294,2425,2725,2575,Floorplan,12912,https://medialibrarycf.entrata.com/14461/MLv3/4/23/2022/3/22/12912/5a7da027c85d56.79152218689.jpg,NA,3D Floor Plan,jpg,640,480,TRUE,TRUE
577897,508706,B3,27,1,FALSE,618821,b3a 1F Pool Side by Side,2,2,1251,1337,1294,2425,2725,2575,Floorplan,12912,https://medialibrarycf.entrata.com/14461/MLv3/4/23/2022/3/22/12912/5a7da027c85d56.79152218689.jpg,NA,3D Floor Plan,jpg,640,480,TRUE,TRUE
577897,508706,B3,27,1,FALSE,618823,b3a Side by Side,2,2,1251,1337,1294,2425,2725,2575,Floorplan,12912,https://medialibrarycf.entrata.com/14461/MLv3/4/23/2022/3/22/12912/5a7da027c85d56.79152218689.jpg,NA,3D Floor Plan,jpg,640,480,TRUE,TRUE
577897,508706,B3,27,1,FALSE,618832,b3b Courtyard Side by Side,2,2,1251,1337,1294,2425,2725,2575,Floorplan,12912,https://medialibrarycf.entrata.com/14461/MLv3/4/23/2022/3/22/12912/5a7da027c85d56.79152218689.jpg,NA,3D Floor Plan,jpg,640,480,TRUE,TRUE
577897,508706,B3,27,1,FALSE,618831,b3b TF Courtyard Side by Side,2,2,1251,1337,1294,2425,2725,2575,Floorplan,12912,https://medialibrarycf.entrata.com/14461/MLv3/4/23/2022/3/22/12912/5a7da027c85d56.79152218689.jpg,NA,3D Floor Plan,jpg,640,480,TRUE,TRUE
577897,508708,B4,4,0,FALSE,618835,b4 TF Pool Side by Side,2,2,1307,1307,1307,2521,2782,2651.5,Floorplan,12911,https://medialibrarycf.entrata.com/14461/MLv3/4/23/2022/3/22/12911/5a7da05b0bdc73.00200680666.jpg,NA,3D Floor Plan,jpg,640,480,TRUE,TRUE
577897,508708,B4,4,0,FALSE,618833,b4 1F Pool Side by Side,2,2,1307,1307,1307,2521,2782,2651.5,Floorplan,12911,https://medialibrarycf.entrata.com/14461/MLv3/4/23/2022/3/22/12911/5a7da05b0bdc73.00200680666.jpg,NA,3D Floor Plan,jpg,640,480,TRUE,TRUE
577897,508708,B4,4,0,FALSE,618834,b4 Pool Side by Side,2,2,1307,1307,1307,2521,2782,2651.5,Floorplan,12911,https://medialibrarycf.entrata.com/14461/MLv3/4/23/2022/3/22/12911/5a7da05b0bdc73.00200680666.jpg,NA,3D Floor Plan,jpg,640,480,TRUE,TRUE
577897,508710,B5,6,0,FALSE,618842,b8 TF Side by Side,2,2,1553,1553,1553,2985,3081,3033,Floorplan,12914,https://medialibrarycf.entrata.com/14461/MLv3/4/23/2022/3/22/12914/5a7da07a14d4b8.07626587570.jpg,NA,3D Floor Plan,jpg,640,480,TRUE,TRUE
577897,508710,B5,6,0,FALSE,618836,b5 Pool Side by Side,2,2,1553,1553,1553,2985,3081,3033,Floorplan,12914,https://medialibrarycf.entrata.com/14461/MLv3/4/23/2022/3/22/12914/5a7da07a14d4b8.07626587570.jpg,NA,3D Floor Plan,jpg,640,480,TRUE,TRUE
577897,508710,B5,6,0,FALSE,618837,b5 TF Pool Side by Side,2,2,1553,1553,1553,2985,3081,3033,Floorplan,12914,https://medialibrarycf.entrata.com/14461/MLv3/4/23/2022/3/22/12914/5a7da07a14d4b8.07626587570.jpg,NA,3D Floor Plan,jpg,640,480,TRUE,TRUE
577897,508710,B5,6,0,FALSE,618840,b7hc Side by Side,2,2,1553,1553,1553,2985,3081,3033,Floorplan,12914,https://medialibrarycf.entrata.com/14461/MLv3/4/23/2022/3/22/12914/5a7da07a14d4b8.07626587570.jpg,NA,3D Floor Plan,jpg,640,480,TRUE,TRUE
577897,508710,B5,6,0,FALSE,618839,b7hc TF Side by Side,2,2,1553,1553,1553,2985,3081,3033,Floorplan,12914,https://medialibrarycf.entrata.com/14461/MLv3/4/23/2022/3/22/12914/5a7da07a14d4b8.07626587570.jpg,NA,3D Floor Plan,jpg,640,480,TRUE,TRUE
577897,508710,B5,6,0,FALSE,618841,b8 Side by Side,2,2,1553,1553,1553,2985,3081,3033,Floorplan,12914,https://medialibrarycf.entrata.com/14461/MLv3/4/23/2022/3/22/12914/5a7da07a14d4b8.07626587570.jpg,NA,3D Floor Plan,jpg,640,480,TRUE,TRUE
577897,510147,A6,1,0,FALSE,618838,a6 Stack,1,1,1137,1137,1137,2195,2195,2195,Floorplan,12913,https://medialibrarycf.entrata.com/14461/MLv3/4/22/2022/3/26/12913/5c17ff3568f130.31534758786.jpg,B6 Floor Plan,2D Floor Plan,jpg,640,480,TRUE,TRUE
518041,488692,Studio,20,2,FALSE,479774,Studio,0,1,434,434,434,1400,1415,1407.5,Floorplan,71618,https://medialibrarycf.entrata.com/14461/MLv3/4/23/2022/3/22/71618/6217d2766b13e1.11928685508.jpg,Studio,3D Floor Plan,jpg,640,1294,TRUE,TRUE
518041,492376,A1,31,1,FALSE,479775,A1,1,1,617,617,617,1550,1565,1557.5,Floorplan,71619,https://medialibrarycf.entrata.com/14461/MLv3/4/23/2022/3/22/71619/6217d2c1b84255.63294020376.jpg,A1,3D Floor Plan,jpg,640,965,TRUE,TRUE
518041,492374,A2,3,0,FALSE,479780,A2,1,1,538,538,538,1575,1575,1575,Floorplan,71620,https://medialibrarycf.entrata.com/14461/MLv3/4/23/2022/3/22/71620/6217d2d8619608.99664972954.jpg,A2,3D Floor Plan,jpg,640,988,TRUE,TRUE
518041,492378,B1,24,4,FALSE,479779,B1,2,2,822,822,822,1050,1075,1062.5,Floorplan,71621,https://medialibrarycf.entrata.com/14461/MLv3/4/23/2022/3/22/71621/6217d3005f1da3.55201225426.jpg,B1,3D Floor Plan,jpg,640,592,TRUE,TRUE
518041,492380,B2,5,1,FALSE,479784,B2,2,2,750,750,750,1000,1025,1012.5,Floorplan,71622,https://medialibrarycf.entrata.com/14461/MLv3/4/23/2022/3/22/71622/6217d323c1f3e9.51222977756.jpg,B2,3D Floor Plan,jpg,640,764,TRUE,TRUE
518041,492382,C1,6,2,FALSE,479781,C1,3,3,1038,1038,1038,925,940,932.5,Floorplan,71624,https://medialibrarycf.entrata.com/14461/MLv3/4/23/2022/3/22/71624/6217d35a300885.69487132799.jpg,C1,3D Floor Plan,jpg,640,924,TRUE,TRUE
518041,492384,D1,57,11,FALSE,479777,D1,4,4,1360,1360,1360,975,1000,987.5,Floorplan,71625,https://medialibrarycf.entrata.com/14461/MLv3/4/23/2022/3/22/71625/6217d36e4b0a55.95164948559.jpg,D1,3D Floor Plan,jpg,640,398,TRUE,TRUE
518041,492386,D2,35,3,FALSE,479778,D2,4,4,1404,1404,1404,995,1020,1007.5,Floorplan,71626,https://medialibrarycf.entrata.com/14461/MLv3/4/23/2022/3/22/71626/6217d38fdbf501.05761498316.jpg,D2,3D Floor Plan,jpg,640,421,TRUE,TRUE
518041,492388,D3,4,1,FALSE,479782,D3,4,4,1412,1412,1412,1000,1025,1012.5,Floorplan,71627,https://medialibrarycf.entrata.com/14461/MLv3/4/23/2022/3/22/71627/6217d3a88f8ac0.48905667660.jpg,D3,3D Floor Plan,jpg,640,433,TRUE,TRUE
518041,492392,D4,10,2,FALSE,618492,D4,4,4,1456,1456,1456,1025,1050,1037.5,Floorplan,71628,https://medialibrarycf.entrata.com/14461/MLv3/4/23/2022/3/22/71628/6217d3cc1c30f3.52522285597.jpg,D4,3D Floor Plan,jpg,640,456,TRUE,TRUE
518041,492390,D5,19,5,FALSE,479776,D5,4,4,1340,1340,1340,975,1000,987.5,Floorplan,71629,https://medialibrarycf.entrata.com/14461/MLv3/4/23/2022/3/22/71629/6217d3ebf0c281.86962866455.jpg,D5,3D Floor Plan,jpg,640,429,TRUE,TRUE
518041,492394,B3,5,2,FALSE,479785,B3,2,2,786,786,786,1050,2100,1575,Floorplan,71623,https://medialibrarycf.entrata.com/14461/MLv3/4/23/2022/3/22/71623/6217d33dc47b05.51669777144.jpg,B3,3D Floor Plan,jpg,640,508,TRUE,TRUE
518042,492425,S1,4,0,FALSE,479846,S1,0,1,336,366,351,2050,2050,2050,Floorplan,10863,https://medialibrarycf.entrata.com/14461/MLv3/4/23/2022/3/22/10863/5a3150b189a24924.jpg,NA,3D Floor Plan,jpg,640,480,TRUE,TRUE
518042,492427,S2,1,0,FALSE,610796,S2,0,1,423,423,423,2465,2465,2465,Floorplan,10867,https://medialibrarycf.entrata.com/14461/MLv3/4/23/2022/3/22/10867/5a31a0be14ac8443.jpg,NA,3D Floor Plan,jpg,640,480,TRUE,TRUE
518042,492429,A1,1,0,FALSE,479844,A1,1,1,441,441,441,2100,2100,2100,Floorplan,10868,https://medialibrarycf.entrata.com/14461/MLv3/4/23/2022/3/22/10868/5a31a3669b792463.jpg,NA,3D Floor Plan,jpg,640,480,TRUE,TRUE
518042,492429,A1,1,0,FALSE,479844,A1,1,1,441,441,441,2100,2100,2100,Floorplan,10872,https://medialibrarycf.entrata.com/14461/MLv3/4/23/2022/3/22/10872/5a32c5a9df1d4846.jpg,NA,3D Floor Plan,jpg,640,480,FALSE,TRUE
518042,492431,A2,1,0,FALSE,610797,A2,1,1,667,667,667,2225,2225,2225,Floorplan,10871,https://medialibrarycf.entrata.com/14461/MLv3/4/23/2022/3/22/10871/5a31a343e1ac1851.jpg,NA,3D Floor Plan,jpg,640,480,TRUE,TRUE
518042,492433,B1,5,0,FALSE,479849,B1,2,2,603,637,620,1695,1695,1695,Floorplan,10861,https://medialibrarycf.entrata.com/14461/MLv3/4/23/2022/3/22/10861/5a31a537afcc9494.jpg,B1,3D Floor Plan,jpg,640,480,TRUE,TRUE
518042,492435,B2,4,0,FALSE,479857,B2,2,2,646,679,662.5,1725,1735,1730,Floorplan,10865,https://medialibrarycf.entrata.com/14461/MLv3/4/23/2022/3/22/10865/5a31a56585115596.jpg,B2,3D Floor Plan,jpg,640,480,TRUE,TRUE
518042,492437,B3,3,0,FALSE,479859,B3,2,2,612,678,645,1695,1695,1695,Floorplan,10870,https://medialibrarycf.entrata.com/14461/MLv3/4/23/2022/3/22/10870/5a31a5fdda8bf890.jpg,NA,3D Floor Plan,jpg,640,480,FALSE,TRUE
518042,492437,B3,3,0,FALSE,479859,B3,2,2,612,678,645,1695,1695,1695,Floorplan,10864,https://medialibrarycf.entrata.com/14461/MLv3/4/23/2022/3/22/10864/5a31a61a99f58825.jpg,NA,3D Floor Plan,jpg,640,480,TRUE,TRUE
518042,492439,B4,4,1,FALSE,479855,B4,2,1,734,734,734,1720,1720,1720,Floorplan,13215,https://medialibrarycf.entrata.com/14461/MLv3/4/23/2022/3/22/13215/5c7eeafc9354d1.02405023644.jpg,B4,3D Floor Plan,jpg,640,480,TRUE,TRUE
518042,492441,B5,3,2,FALSE,479858,B5,2,1,729,734,731.5,1725,1725,1725,Floorplan,13216,https://medialibrarycf.entrata.com/14461/MLv3/4/23/2022/3/22/13216/5c7eeb584c5f33.15251384235.jpg,B5,3D Floor Plan,jpg,640,480,TRUE,TRUE
518042,492443,C1,4,0,FALSE,479856,C1,3,3,1057,1130,1093.5,1575,1585,1580,Floorplan,10866,https://medialibrarycf.entrata.com/14461/MLv3/4/23/2022/3/22/10866/5a31a862e0b88536.jpg,C1,3D Floor Plan,jpg,640,480,TRUE,TRUE
518042,492445,C2,12,3,FALSE,479854,C2,3,3,1000,1034,1017,1650,1660,1655,Floorplan,13495,https://medialibrarycf.entrata.com/14461/MLv3/4/23/2022/3/22/13495/5f80bc22745795.96913552362.jpg,C2,3D Floor Plan,jpg,640,480,TRUE,TRUE
518042,492447,C3,8,3,FALSE,479852,C3,3,3,826,873,849.5,1585,1585,1585,Floorplan,10859,https://medialibrarycf.entrata.com/14461/MLv3/4/23/2022/3/22/10859/5a31a8054c98c731.jpg,C3,3D Floor Plan,jpg,640,480,TRUE,TRUE
518042,492449,C4,1,0,FALSE,479847,C4,3,3,1265,1265,1265,1625,1625,1625,Floorplan,10857,https://medialibrarycf.entrata.com/14461/MLv3/4/23/2022/3/22/10857/5ddd555aadf979.68096629960.jpg,C4,3D Floor Plan,jpg,640,480,TRUE,TRUE
518042,492451,D1,26,9,FALSE,479851,D1,4,4,1031,1085,1058,1550,1570,1560,Floorplan,10856,https://medialibrarycf.entrata.com/14461/MLv3/4/23/2022/3/22/10856/5a32c2082f52a710.jpg,NA,3D Floor Plan,jpg,640,480,TRUE,TRUE
518042,492453,D2,10,3,FALSE,479853,D2,4,4,1240,1436,1338,1570,1580,1575,Floorplan,10862,https://medialibrarycf.entrata.com/14461/MLv3/4/23/2022/3/22/10862/5a32c29615156697.jpg,NA,3D Floor Plan,jpg,640,480,TRUE,TRUE
518042,492455,D3,4,0,FALSE,493187,D3,4,4,1191,1240,1215.5,1535,1535,1535,Floorplan,10858,https://medialibrarycf.entrata.com/14461/MLv3/4/23/2022/3/22/10858/5a31a8efec3c0508.jpg,NA,3D Floor Plan,jpg,640,480,TRUE,TRUE
518042,492455,D3,4,0,FALSE,479850,D3,4,4,1191,1240,1215.5,1535,1535,1535,Floorplan,10858,https://medialibrarycf.entrata.com/14461/MLv3/4/23/2022/3/22/10858/5a31a8efec3c0508.jpg,NA,3D Floor Plan,jpg,640,480,TRUE,TRUE
518042,492457,D4,8,5,FALSE,479848,D4,4,2,1017,1085,1051,1515,1515,1515,Floorplan,10860,https://medialibrarycf.entrata.com/14461/MLv3/4/23/2022/3/22/10860/5a32c2f04cff7284.jpg,D4,3D Floor Plan,jpg,640,480,TRUE,TRUE
518042,492459,B6,5,0,FALSE,610798,B6,2,2,678,986,832,1755,1755,1755,Floorplan,10869,https://medialibrarycf.entrata.com/14461/MLv3/4/23/2022/3/22/10869/5a32c0f162124885.jpg,B6,3D Floor Plan,jpg,640,480,TRUE,TRUE
1197886,600287,A5.1,6,0,FALSE,624380,A5.1,1,1,1059,1059,1059,2798,2900,2849,Floorplan,93903,https://medialibrarycf.entrata.com/14461/MLv3/4/23/2023/03/31/024423/642746270ff105.33003475182.jpg,A5.1,3D Floor Plan,jpg,1691,1400,TRUE,TRUE
1197886,600286,A7,8,0,FALSE,624379,A7,1,1,1192,1192,1192,2798,3308,3053,Floorplan,92501,https://medialibrarycf.entrata.com/14461/MLv3/4/23/2023/03/20/115517/64189e05b639d7.64397446739.jpg,A7,3D Floor Plan,jpg,2249,1166,TRUE,TRUE
1197886,600288,A5.2,6,0,FALSE,624381,A5.2,1,1,1071,1071,1071,2747,2849,2798,Floorplan,93904,https://medialibrarycf.entrata.com/14461/MLv3/4/23/2023/03/31/024507/642746532820f3.40958205183.jpg,A5.2,3D Floor Plan,jpg,1481,1400,TRUE,TRUE
1197886,600292,B1.2,7,1,FALSE,624385,B1.2,2,2,1289,1289,1289,3181,3493,3337,Floorplan,92503,https://medialibrarycf.entrata.com/14461/MLv3/4/23/2023/03/20/115737/64189e9110ec72.68850324393.jpg,B1.2,3D Floor Plan,jpg,1655,1400,TRUE,TRUE
1197886,600282,A1.2,2,2,FALSE,624375,A1.2,1,1,881,881,881,2592,3498,3045,Floorplan,93861,https://medialibrarycf.entrata.com/14461/MLv3/4/23/2023/03/31/111545/64271541bd11a5.19896448369.png,A1.2,3D Floor Plan,png,996,786,TRUE,TRUE
1197886,600294,B3.3,2,1,FALSE,624387,B3.3,2,2,1307,1307,1307,3181,3501,3341,Floorplan,92552,https://medialibrarycf.entrata.com/14461/MLv3/4/23/2023/03/20/022202/6418c06ac4cc41.89753639521.jpg,B3.3,3D Floor Plan,jpg,1751,1400,TRUE,TRUE
1197886,600297,C2,31,5,FALSE,624390,C2,3,2,1595,1595,1595,3898,4508,4203,Floorplan,92554,https://medialibrarycf.entrata.com/14461/MLv3/4/23/2023/03/20/022409/6418c0e94ed042.62441717139.jpg,C2,3D Floor Plan,jpg,1859,1400,TRUE,TRUE
1197886,600285,A4,16,1,FALSE,624378,A4,1,1,858,858,858,2380,2682,2531,Floorplan,92497,https://medialibrarycf.entrata.com/14461/MLv3/4/23/2023/03/20/115128/64189d20be3423.52617385927.jpg,A4,3D Floor Plan,jpg,1745,1400,TRUE,TRUE
1197886,600295,B3.1,4,1,FALSE,624388,B3.1,2,2,1260,1260,1260,3181,3493,3337,Floorplan,92505,https://medialibrarycf.entrata.com/14461/MLv3/4/23/2023/03/20/115933/64189f05dda696.14690253936.jpg,B3.1,3D Floor Plan,jpg,1751,1400,TRUE,TRUE
1197886,600296,C1,15,2,FALSE,624389,C1,3,2,1660,1660,1660,3949,4255,4102,Floorplan,92553,https://medialibrarycf.entrata.com/14461/MLv3/4/23/2023/03/20/022323/6418c0bb049fe8.50223437216.jpg,C1,3D Floor Plan,jpg,1853,1400,TRUE,TRUE
1197886,600289,A6,4,0,FALSE,624382,A6,1,1,1048,1048,1048,2798,3308,3053,Floorplan,92500,https://medialibrarycf.entrata.com/14461/MLv3/4/23/2023/03/20/115426/64189dd2713e06.12115993406.jpg,A6,3D Floor Plan,jpg,2489,1064,TRUE,TRUE
1197886,600290,B1,82,9,FALSE,624383,B1,2,2,1277,1277,1277,3181,3837,3509,Floorplan,92502,https://medialibrarycf.entrata.com/14461/MLv3/4/23/2023/03/20/115609/64189e39470de3.49697692658.jpg,B1,3D Floor Plan,jpg,1655,1400,TRUE,TRUE
1197886,600281,A3,16,1,FALSE,624374,A3,1,1,805,805,805,2375,2675,2525,Floorplan,92496,https://medialibrarycf.entrata.com/14461/MLv3/4/23/2023/03/20/115042/64189cf2cc6fe6.89675589112.jpg,A3,3D Floor Plan,jpg,1601,1400,TRUE,TRUE
1197886,600291,B2,38,9,FALSE,624384,B2,2,2,1365,1365,1365,3085,3813,3449,Floorplan,92504,https://medialibrarycf.entrata.com/14461/MLv3/4/23/2023/03/20/115822/64189ebea5f475.79733450181.jpg,B2,3D Floor Plan,jpg,1523,1358,TRUE,TRUE
1197886,600283,A1.1,3,3,FALSE,624376,A1.1,1,1,849,849,849,2492,2898,2695,Floorplan,92918,https://medialibrarycf.entrata.com/14461/MLv3/4/23/2023/03/23/022706/641cb61a760e55.06671310213.jpg,A1.1,3D Floor Plan,jpg,2489,1316,TRUE,TRUE
1197886,600284,A2,4,0,FALSE,624377,A2,1,1,1052,1052,1052,2594,3308,2951,Floorplan,92495,https://medialibrarycf.entrata.com/14461/MLv3/4/23/2023/03/20/115001/64189cc9f227d6.44850694467.jpg,A2,3D Floor Plan,jpg,2489,1064,TRUE,TRUE
833617,564135,M1,84,6,FALSE,620889,M1,0,1,369,387,378,1720,1820,1770,Floorplan,52265,https://medialibrarycf.entrata.com/14461/MLv3/4/23/2022/3/22/52265/6152f7044c60f0.67115850144.jpg,M1,3D Floor Plan,jpg,1957,1200,TRUE,TRUE
833617,564133,S1,42,2,FALSE,620881,S1,0,1,454,457,455.5,1950,2025,1987.5,Floorplan,52266,https://medialibrarycf.entrata.com/14461/MLv3/4/23/2022/3/22/52266/6152f73ad92261.10542636827.jpg,S1,3D Floor Plan,jpg,1200,1705,TRUE,TRUE
833617,564136,S2,28,1,FALSE,620878,S2,0,1,466,466,466,2035,2135,2085,Floorplan,52267,https://medialibrarycf.entrata.com/14461/MLv3/4/23/2022/3/22/52267/6152f7582046e9.26736393530.jpg,S2,3D Floor Plan,jpg,2133,963,TRUE,TRUE
833617,564150,S3 XL,14,3,FALSE,620892,S3 XL,0,1,614,614,614,2190,2390,2290,Floorplan,52268,https://medialibrarycf.entrata.com/14461/MLv3/4/23/2022/3/22/52268/6152f7858a17a9.03585676630.jpg,S3 XL,3D Floor Plan,jpg,2020,950,TRUE,TRUE
833617,564146,A1,14,0,FALSE,620888,A1,1,1,533,533,533,2115,2115,2115,Floorplan,52269,https://medialibrarycf.entrata.com/14461/MLv3/4/23/2022/3/22/52269/6152f7a1e52e31.53211575724.jpg,A1,3D Floor Plan,jpg,1200,1473,TRUE,TRUE
833617,564141,A2 Deluxe,14,0,FALSE,620883,A2 Deluxe,1,1,533,533,533,2170,2370,2270,Floorplan,52270,https://medialibrarycf.entrata.com/14461/MLv3/4/23/2022/3/22/52270/6152f7cd981217.48102139628.jpg,A2 Deluxe,3D Floor Plan,jpg,1200,1481,TRUE,TRUE
833617,564134,B1,14,1,FALSE,620876,B1,2,1,736,736,736,1350,1450,1400,Floorplan,52271,https://medialibrarycf.entrata.com/14461/MLv3/4/23/2022/3/22/52271/6152f7f5258334.75103260443.jpg,B1,3D Floor Plan,jpg,1200,1509,TRUE,TRUE
833617,564149,B2,14,1,FALSE,620891,B2,2,2,888,888,888,1450,1450,1450,Floorplan,52272,https://medialibrarycf.entrata.com/14461/MLv3/4/23/2022/3/22/52272/6152f810a848e4.72805287117.jpg,B2,3D Floor Plan,jpg,1749,1200,TRUE,TRUE
833617,598661,B3 XL,14,1,FALSE,623645,B3 XL,2,2,1048,1048,1048,1710,1910,1810,Floorplan,52273,https://medialibrarycf.entrata.com/14461/MLv3/4/23/2022/3/22/52273/6152f83c402e59.96087838187.jpg,B3 XL,3D Floor Plan,jpg,1549,1200,TRUE,TRUE
833617,576721,B4 XL,14,0,FALSE,622787,B4 XL,2,2,1303,1303,1303,1760,1760,1760,Floorplan,52274,https://medialibrarycf.entrata.com/14461/MLv3/4/23/2022/3/22/52274/6152f85549f554.20179992181.jpg,B4 XL,3D Floor Plan,jpg,1200,1353,TRUE,TRUE
833617,564144,D1,14,4,FALSE,620886,D1,4,2,1118,1118,1118,1075,1175,1125,Floorplan,52275,https://medialibrarycf.entrata.com/14461/MLv3/4/23/2022/3/22/52275/6152f86c674725.69791390977.jpg,D1,3D Floor Plan,jpg,1793,1200,TRUE,TRUE
833617,564137,D2,14,2,FALSE,620879,D2,4,2,1134,1134,1134,1125,1225,1175,Floorplan,92181,https://medialibrarycf.entrata.com/14461/MLv3/4/23/2023/03/16/035335/64138fdf362757.16673790299.jpg,D2,3D Floor Plan,jpg,640,480,TRUE,TRUE
833617,564132,D3,14,3,FALSE,620874,D3,4,4,1297,1297,1297,1150,1250,1200,Floorplan,52277,https://medialibrarycf.entrata.com/14461/MLv3/4/23/2022/3/22/52277/6152f8b2da0e05.67742318281.jpg,D3,3D Floor Plan,jpg,1200,1317,TRUE,TRUE
833617,564143,D4,14,1,FALSE,620885,D4,4,4,1303,1303,1303,1175,1275,1225,Floorplan,52278,https://medialibrarycf.entrata.com/14461/MLv3/4/23/2022/3/22/52278/6152f8d0922987.05060542490.jpg,D4,3D Floor Plan,jpg,2025,1200,TRUE,TRUE
833617,564145,D5,14,0,FALSE,620887,D5,4,4,1345,1345,1345,1220,1245,1232.5,Floorplan,52279,https://medialibrarycf.entrata.com/14461/MLv3/4/23/2022/3/22/52279/6152f8e30e1ef7.10255332787.jpg,D5,3D Floor Plan,jpg,2133,1200,TRUE,TRUE
1197887,600078,A1,1,0,FALSE,624077,A1,1,1,575,575,575,2320,2320,2320,Floorplan,82793,https://medialibrarycf.entrata.com/14461/MLv3/4/23/2022/10/06/022700/633e9154054d74.63041389500.jpg,A1,3D Floor Plan,jpg,1601,1400,TRUE,TRUE
1197887,600082,B1,18,2,FALSE,624081,B1,2,2,742,757,749.5,1090,1345,1217.5,Floorplan,82794,https://medialibrarycf.entrata.com/14461/MLv3/4/23/2022/10/06/022846/633e91be133ca4.00627099178.jpg,B1,3D Floor Plan,jpg,1753,1399,TRUE,TRUE
1197887,600085,B2,17,2,FALSE,624084,B2,2,2,847,874,860.5,1260,1440,1350,Floorplan,82795,https://medialibrarycf.entrata.com/14461/MLv3/4/23/2022/10/06/023259/633e92bb197c70.97841947982.jpg,B2,3D Floor Plan,jpg,2489,1400,TRUE,TRUE
1197887,600083,C1,1,1,FALSE,624082,C1,3,3,1097,1097,1097,1290,1365,1327.5,Floorplan,82796,https://medialibrarycf.entrata.com/14461/MLv3/4/23/2022/10/06/023420/633e930cc0a665.99104845987.jpg,C1,3D Floor Plan,jpg,2489,1400,TRUE,TRUE
1197887,600077,D1,45,18,FALSE,624076,D1,4,4,1238,1258,1248,749,995,872,Floorplan,82797,https://medialibrarycf.entrata.com/14461/MLv3/4/23/2022/10/06/023516/633e9344af4122.77637195818.jpg,D1,3D Floor Plan,jpg,2489,1400,TRUE,TRUE
1197887,600080,D2,35,19,FALSE,624079,D2,4,4,1242,1247,1244.5,749,1035,892,Floorplan,82798,https://medialibrarycf.entrata.com/14461/MLv3/4/23/2022/10/06/023718/633e93be5cde79.31389894118.jpg,D2,3D Floor Plan,jpg,2489,1400,TRUE,TRUE
1197887,600087,D3,16,8,FALSE,624086,D3,4,4,1257,1257,1257,749,995,872,Floorplan,82799,https://medialibrarycf.entrata.com/14461/MLv3/4/23/2022/10/06/023859/633e94233f68b7.11215523187.jpg,D3,3D Floor Plan,jpg,2489,1400,TRUE,TRUE
1197887,600076,D4,9,8,FALSE,624075,D4,4,4,1417,1417,1417,749,960,854.5,Floorplan,82800,https://medialibrarycf.entrata.com/14461/MLv3/4/23/2022/10/06/024007/633e946769f2b4.93575065879.jpg,D4,3D Floor Plan,jpg,1833,1399,TRUE,TRUE
1197887,600079,D5,9,4,FALSE,624078,D5,4,3,1138,1138,1138,749,940,844.5,Floorplan,82801,https://medialibrarycf.entrata.com/14461/MLv3/4/23/2022/10/06/024123/633e94b3adeb53.24222923765.jpg,D5,3D Floor Plan,jpg,2489,1400,TRUE,TRUE
1197887,600081,E1,18,10,FALSE,624080,E1,5,3,1381,1387,1384,649,945,797,Floorplan,82802,https://medialibrarycf.entrata.com/14461/MLv3/4/23/2022/10/06/024228/633e94f4736940.48848199417.jpg,E1,3D Floor Plan,jpg,2489,1212,TRUE,TRUE
1197887,600342,E1 Alt,9,6,FALSE,624428,E1 Alt,5,3,1381,1381,1381,649,945,797,Floorplan,120618,https://medialibrarycf.entrata.com/14461/MLv3/4/23/2024/03/26/062937/66036871a37d30.69201827977.jpg,E1,3D Floor Plan,jpg,2489,1212,TRUE,TRUE
1197887,600086,E2,9,7,FALSE,624085,E2,5,3,1512,1512,1512,649,915,782,Floorplan,82803,https://medialibrarycf.entrata.com/14461/MLv3/4/23/2022/10/06/024406/633e95562edc70.97605911793.jpg,E2,3D Floor Plan,jpg,2489,1400,TRUE,TRUE
1197887,600084,E3,9,5,FALSE,624083,E3,5,3,1369,1369,1369,649,945,797,Floorplan,82804,https://medialibrarycf.entrata.com/14461/MLv3/4/23/2022/10/06/024524/633e95a4baf276.52661383697.jpg,E3,3D Floor Plan,jpg,2489,1200,TRUE,TRUE
518046,493284,S1,21,10,FALSE,612569,S1,1,1,450,450,450,1745,1745,1745,Floorplan,13465,https://medialibrarycf.entrata.com/14461/MLv3/4/23/2022/3/22/13465/5f7b2a67c82264.25152162268.png,S1,3D Floor Plan,png,640,480,TRUE,TRUE
518046,493285,A1,36,12,FALSE,612570,A1,1,1,561,561,561,1995,2045,2020,Floorplan,12781,https://medialibrarycf.entrata.com/14461/MLv3/4/23/2022/3/22/12781/5a1c5feba9fa7920.png,A1,3D Floor Plan,png,640,480,TRUE,TRUE
518046,493266,A2,4,3,FALSE,612551,A2,1,1,557,557,557,1830,1830,1830,Floorplan,13470,https://medialibrarycf.entrata.com/14461/MLv3/4/23/2022/3/22/13470/5f7c753bddd448.42689459914.png,A2,3D Floor Plan,png,640,480,TRUE,TRUE
518046,493265,A3,1,1,FALSE,612550,A3,1,1,800,800,800,2500,2500,2500,Floorplan,13469,https://medialibrarycf.entrata.com/14461/MLv3/4/23/2022/3/22/13469/5f7b35bb201651.71754765640.png,A3,3D Floor Plan,png,640,480,TRUE,TRUE
518046,493268,B1,21,17,FALSE,612553,B1,2,2,775,775,775,1275,1350,1312.5,Floorplan,12787,https://medialibrarycf.entrata.com/14461/MLv3/4/23/2022/3/22/12787/5d93c8d8e7fad0.46088277925.png,B1,3D Floor Plan,png,640,480,TRUE,TRUE
518046,493269,B2,2,1,FALSE,612554,B2,2,2,886,886,886,1415,1415,1415,Floorplan,12783,https://medialibrarycf.entrata.com/14461/MLv3/4/23/2022/3/22/12783/5db856e1362792.14709940984.png,B2,3D Floor Plan,png,640,480,TRUE,TRUE
518046,493278,B3,1,0,FALSE,612563,B3,2,2,776,776,776,1325,1375,1350,Floorplan,12954,https://medialibrarycf.entrata.com/14461/MLv3/4/23/2022/3/22/12954/5d94b979ae4632.02009356878.png,B3,3D Floor Plan,png,640,480,TRUE,TRUE
518046,493271,C1,1,1,FALSE,612556,C1,3,4,1200,1200,1200,1215,1215,1215,Floorplan,12786,https://medialibrarycf.entrata.com/14461/MLv3/4/23/2022/3/22/12786/5d93c9068e4517.27087335928.png,C1,3D Floor Plan,png,640,480,TRUE,TRUE
518046,493272,D1,63,52,FALSE,612557,D1,4,4,1352,1352,1352,1085,1220,1152.5,Floorplan,12790,https://medialibrarycf.entrata.com/14461/MLv3/4/23/2022/3/22/12790/5d94ba212f5c69.61590105695.png,D1,3D Floor Plan,png,640,480,TRUE,TRUE
518046,493273,D2,1,1,FALSE,612558,D2,4,4,1352,1352,1352,1155,1155,1155,Floorplan,12789,https://medialibrarycf.entrata.com/14461/MLv3/4/23/2022/3/22/12789/5db8572222af01.56391818328.png,D2,3D Floor Plan,png,640,480,TRUE,TRUE
518046,493264,D3,10,10,FALSE,612549,D3,4,4,1712,1712,1712,1100,1185,1142.5,Floorplan,13382,https://medialibrarycf.entrata.com/14461/MLv3/4/23/2022/3/22/13382/5db84398208596.02694470854.png,D3,3D Floor Plan,png,640,480,TRUE,TRUE
518046,493274,E1,3,2,FALSE,612559,E1,5,5,1500,1500,1500,975,975,975,Floorplan,12788,https://medialibrarycf.entrata.com/14461/MLv3/4/23/2022/3/22/12788/5d94bad08dfa44.04023801987.png,E1,3D Floor Plan,png,640,480,TRUE,TRUE
518046,493283,E2,6,4,FALSE,612568,E2,5,5,1500,1500,1500,1030,1030,1030,Floorplan,12794,https://medialibrarycf.entrata.com/14461/MLv3/4/23/2022/3/22/12794/5d94bae5cdaf93.55266733491.png,E2,3D Floor Plan,png,640,480,TRUE,TRUE
518046,493281,E3,1,1,FALSE,612566,E3,5,5,1500,1500,1500,975,1030,1002.5,Floorplan,12792,https://medialibrarycf.entrata.com/14461/MLv3/4/23/2022/3/22/12792/5d94bb278d2187.31506999302.png,E3,3D Floor Plan,png,640,480,TRUE,TRUE
518046,493277,F1,1,1,FALSE,612562,F1,6,6,2100,2100,2100,855,910,882.5,Floorplan,12793,https://medialibrarycf.entrata.com/14461/MLv3/4/23/2022/3/22/12793/5d93c98eb05ce0.56221059628.png,F1,3D Floor Plan,png,640,480,TRUE,TRUE
1143679,598794,S1,1,0,FALSE,623785,S1,0,1,330,330,330,1186,1186,1186,Floorplan,67507,https://medialibrarycf.entrata.com/14461/MLv3/4/23/2022/3/22/67507/61b39c8dd52e71.98283298746.jpg,S1 - Rates are Utility Inclusive for 24/25,3D Floor Plan,jpg,1280,960,TRUE,TRUE
1143679,598796,S2,14,0,FALSE,623761,S2,0,1,397,397,397,1186,1186,1186,Floorplan,67508,https://medialibrarycf.entrata.com/14461/MLv3/4/23/2022/3/22/67508/61b39cb173e753.79041905559.jpg,S2,3D Floor Plan,jpg,1280,960,TRUE,TRUE
1143679,598800,A1,3,0,FALSE,623762,A1,1,1,630,630,630,2720,3000,2860,Floorplan,67510,https://medialibrarycf.entrata.com/14461/MLv3/4/23/2022/3/22/67510/61b39d0d4b9419.38841159518.jpg,A1,3D Floor Plan,jpg,640,480,TRUE,TRUE
1143679,598802,A2,1,0,FALSE,623782,A2,1,1,665,665,665,2680,2680,2680,Floorplan,67511,https://medialibrarycf.entrata.com/14461/MLv3/4/23/2022/3/22/67511/61b39d33b2a752.28517890486.jpg,A2,3D Floor Plan,jpg,640,480,TRUE,TRUE
1143679,598804,B1,1,1,FALSE,623757,B1,2,2,788,788,788,1820,1820,1820,Floorplan,67526,https://medialibrarycf.entrata.com/14461/MLv3/4/23/2022/3/22/67526/61b3b0886a9bc7.78807044277.jpg,B1,3D Floor Plan,jpg,1280,960,TRUE,TRUE
1143679,598806,B2,5,4,FALSE,623775,B2,2,2,847,847,847,1820,1870,1845,Floorplan,67527,https://medialibrarycf.entrata.com/14461/MLv3/4/23/2022/3/22/67527/61b3b0b05bf2f1.87364467930.jpg,B2,3D Floor Plan,jpg,1280,960,TRUE,TRUE
1143679,598812,B3,2,0,FALSE,623746,B3,2,2,840,840,840,1850,2000,1925,Floorplan,67530,https://medialibrarycf.entrata.com/14461/MLv3/4/23/2022/3/22/67530/61b3b1e01b2551.54957618469.jpg,B3,3D Floor Plan,jpg,1280,960,TRUE,TRUE
1143679,598814,B4,1,0,FALSE,623788,B4,2,2,922,922,922,2000,2000,2000,Floorplan,67531,https://medialibrarycf.entrata.com/14461/MLv3/4/23/2022/3/22/67531/61b3b2067eabd1.42141518173.jpg,B4,3D Floor Plan,jpg,1280,960,TRUE,TRUE
1143679,598816,B5 - SHARED,11,10,FALSE,623794,B5 - SHARED,2,2,915,915,915,1035,1085,1060,Floorplan,67532,https://medialibrarycf.entrata.com/14461/MLv3/4/23/2022/3/22/67532/61b3b22eae8167.41996908531.jpg,B5 SHARED,3D Floor Plan,jpg,1280,960,TRUE,TRUE
1143679,598820,B5.2 DELUXE,3,3,FALSE,623756,B5.2 DELUXE,2,2,961,961,961,1760,2100,1930,Floorplan,67534,https://medialibrarycf.entrata.com/14461/MLv3/4/23/2022/3/22/67534/61b3b27b9e6743.04194951669.jpg,B5.2 DELUXE,3D Floor Plan,jpg,1280,960,TRUE,TRUE
1143679,598824,B6 DELUXE,9,7,FALSE,623741,B6 DELUXE,2,2,909,909,909,1900,2100,2000,Floorplan,86164,https://medialibrarycf.entrata.com/14461/MLv3/4/23/2022/12/08/024932/63925bec72ab25.74659179975.png,B6 DELUXE,3D Floor Plan,png,1280,960,TRUE,TRUE
1143679,598830,B7 - SEMI-SHARED,4,4,FALSE,623743,B7 - SEMI-SHARED,2,2,954,954,954,880,1880,1380,Floorplan,67539,https://medialibrarycf.entrata.com/14461/MLv3/4/23/2022/3/22/67539/61b3b364005373.47413139613.jpg,B7 SHARED,3D Floor Plan,jpg,1280,960,TRUE,TRUE
1143679,598832,B8 DELUXE,7,7,FALSE,623742,B8 DELUXE,2,2,982,982,982,1700,1950,1825,Floorplan,67540,https://medialibrarycf.entrata.com/14461/MLv3/4/23/2022/3/22/67540/61b3b38daf2081.38460648134.jpg,B8 Deluxe,3D Floor Plan,jpg,1280,960,TRUE,TRUE
1143679,598909,B9 -  SHARED,6,1,FALSE,623758,B9 - SHARED,2,2,961,961,961,880,880,880,Floorplan,67543,https://medialibrarycf.entrata.com/14461/MLv3/4/23/2022/3/22/67543/61b3b40c042847.79203454616.jpg,B9 SHARED,3D Floor Plan,jpg,1280,960,TRUE,TRUE
1143679,598840,C1,1,1,FALSE,623748,C1,3,2,983,983,983,1610,1635,1622.5,Floorplan,67544,https://medialibrarycf.entrata.com/14461/MLv3/4/23/2022/3/22/67544/61b3b43011cd22.49218989814.jpg,C1,3D Floor Plan,jpg,1280,960,TRUE,TRUE
1143679,598842,C2 - SEMI-SHARED,4,4,FALSE,623744,C2 - SEMI-SHARED,3,3,1063,1063,1063,1160,1670,1415,Floorplan,67545,https://medialibrarycf.entrata.com/14461/MLv3/4/23/2022/3/22/67545/61b3b454a581a6.73686475905.jpg,C2 SEMI-SHARED,3D Floor Plan,jpg,1280,960,TRUE,TRUE
1143679,598844,C3,7,2,FALSE,623749,C3,3,3,1172,1172,1172,1605,1655,1630,Floorplan,67546,https://medialibrarycf.entrata.com/14461/MLv3/4/23/2022/3/22/67546/61b3b4828866c3.55685482906.jpg,C3,3D Floor Plan,jpg,1280,960,TRUE,TRUE
1143679,598848,TH - C1,2,1,FALSE,623777,TH - C1,3,3,1496,1496,1496,1535,1535,1535,Floorplan,67548,https://medialibrarycf.entrata.com/14461/MLv3/4/23/2022/3/22/67548/61b3b4e9d19e27.21071014713.jpg,TH - C1,3D Floor Plan,jpg,1280,960,TRUE,TRUE
1143679,598852,TH - C2,2,1,FALSE,623778,TH - C2,3,3,1151,1151,1151,1535,1535,1535,Floorplan,86165,https://medialibrarycf.entrata.com/14461/MLv3/4/23/2022/12/08/025822/63925dfe04da42.73358838394.jpg,TH - C2,3D Floor Plan,jpg,1280,960,TRUE,TRUE
1143679,598854,TH - C3,1,0,FALSE,623790,TH - C3,3,3,1184,1184,1184,1750,1750,1750,Floorplan,86166,https://medialibrarycf.entrata.com/14461/MLv3/4/23/2022/12/08/030000/63925e6064f4d7.22554367876.jpg,TH - C3,3D Floor Plan,jpg,1280,960,TRUE,TRUE
1143679,598856,TH - C3.1,1,0,FALSE,623773,TH - C3.1,3,3,1184,1184,1184,1750,1750,1750,Floorplan,67552,https://medialibrarycf.entrata.com/14461/MLv3/4/23/2022/3/22/67552/61b3b5b6860eb4.17601682306.jpg,TH - C3.1,3D Floor Plan,jpg,1280,960,TRUE,TRUE
1143679,598858,TH - C4,4,2,FALSE,623752,TH - C4,3,3,1203,1203,1203,1535,1535,1535,Floorplan,67553,https://medialibrarycf.entrata.com/14461/MLv3/4/23/2022/3/22/67553/61b3b5e7520093.62939939687.jpg,TH - C4,3D Floor Plan,jpg,1280,960,TRUE,TRUE
1143679,598862,D1,7,7,FALSE,623781,D1,4,4,1145,1145,1145,1499,1629,1564,Floorplan,67555,https://medialibrarycf.entrata.com/14461/MLv3/4/23/2022/3/22/67555/61b3b66a8bb835.81152286535.jpg,D1,3D Floor Plan,jpg,1280,960,TRUE,TRUE
1143679,598866,D2 - SEMI-SHARED,1,1,FALSE,623786,D2 - SEMI-SHARED,4,4,1436,1436,1436,1314,1715,1514.5,Floorplan,67557,https://medialibrarycf.entrata.com/14461/MLv3/4/23/2022/3/22/67557/61b3b6d5a88b74.28583360968.jpg,D2 SEMI-SHARED,3D Floor Plan,jpg,1280,960,TRUE,TRUE
1143679,598868,D3 - SEMI-SHARED,2,2,FALSE,623745,D3 - SEMI-SHARED,4,4,1486,1486,1486,1270,1715,1492.5,Floorplan,67558,https://medialibrarycf.entrata.com/14461/MLv3/4/23/2022/3/22/67558/61b3b70b010d98.58656991442.jpg,D3 SEMI-SHARED,3D Floor Plan,jpg,1280,960,TRUE,TRUE
1143679,598870,D4 - SEMI-SHARED,2,2,FALSE,623776,D4 - SEMI-SHARED,4,4,1728,1728,1728,1254,1654,1454,Floorplan,67560,https://medialibrarycf.entrata.com/14461/MLv3/4/23/2022/3/22/67560/61b3b77520d092.88133326983.jpg,D4 SEMI-SHARED,3D Floor Plan,jpg,1280,960,TRUE,TRUE
1143679,598874,TH - D1,14,5,FALSE,623770,TH - D1,4,4,1452,1452,1452,1465,1575,1520,Floorplan,66016,https://medialibrarycf.entrata.com/14461/MLv3/4/23/2022/3/22/66016/6566_1143679_5f872bee364925.32584939733.png,D1,3D Floor Plan,png,640,480,TRUE,TRUE
1143679,598878,TH - D1.2,8,5,FALSE,623766,TH - D1.2,4,4,1452,1452,1452,1410,1575,1492.5,Floorplan,70743,https://medialibrarycf.entrata.com/14461/MLv3/4/23/2022/3/22/70743/62056707195264.75668729180.png,TH D1.2,3D Floor Plan,png,1280,960,TRUE,TRUE
1143679,598880,TH - D2,2,1,FALSE,623767,TH - D2,4,4,1669,1669,1669,1540,1540,1540,Floorplan,67564,https://medialibrarycf.entrata.com/14461/MLv3/4/23/2022/3/22/67564/61b3bb45ef5637.76480267599.jpg,TH D2,3D Floor Plan,jpg,1280,960,TRUE,TRUE
1143679,598884,TH - D3,1,0,FALSE,623755,TH - D3,4,4,1637,1637,1637,1515,1515,1515,Floorplan,67566,https://medialibrarycf.entrata.com/14461/MLv3/4/23/2022/3/22/67566/61b3bbc497fc10.82167716837.jpg,TH D3,3D Floor Plan,jpg,1280,960,TRUE,TRUE
1143679,598886,TH - D4 - SEMI-SHARED,2,2,FALSE,623737,TH - D4 - SEMI-SHARED,4,4,1675,1675,1675,1465,1565,1515,Floorplan,67567,https://medialibrarycf.entrata.com/14461/MLv3/4/23/2022/3/22/67567/61b3bbfecb68b7.35291418349.jpg,TH D4 SEMI-SHARED,3D Floor Plan,jpg,1280,960,TRUE,TRUE
1143679,598888,TH - D5,4,0,FALSE,623779,TH - D5,4,4,1701,1701,1701,1410,1545,1477.5,Floorplan,67570,https://medialibrarycf.entrata.com/14461/MLv3/4/23/2022/3/22/67570/61b3bc38ad5346.51706072902.jpg,TH D5,3D Floor Plan,jpg,1280,960,TRUE,TRUE
1143679,598890,TH - D6 - SEMI-SHARED,3,2,FALSE,623763,TH - D6 - SEMI-SHARED,4,4,1752,1752,1752,1240,1600,1420,Floorplan,67571,https://medialibrarycf.entrata.com/14461/MLv3/4/23/2022/3/22/67571/61b3bc78862655.27132498904.jpg,TH D6 SEMI-SHARED,3D Floor Plan,jpg,1280,960,TRUE,TRUE
1143679,598894,TH - D8 - SEMI-SHARED,1,0,FALSE,623774,TH - D8 - SEMI-SHARED,4,4,1808,1808,1808,1330,1595,1462.5,Floorplan,67573,https://medialibrarycf.entrata.com/14461/MLv3/4/23/2022/3/22/67573/61b3bcce67a283.55597909488.jpg,TH D8 SEMI-SHARED,3D Floor Plan,jpg,1280,960,TRUE,TRUE
1143679,598896,TH - D9,3,1,FALSE,623771,TH - D9,5,5,1874,1874,1874,1465,1465,1465,Floorplan,67512,https://medialibrarycf.entrata.com/14461/MLv3/4/23/2022/3/22/67512/61b39d7ce9e859.43392122768.jpg,D9,3D Floor Plan,jpg,1280,960,TRUE,TRUE
1143679,598898,TH - E1,2,1,FALSE,623793,TH - E1,5,5,1802,1802,1802,1480,1480,1480,Floorplan,67513,https://medialibrarycf.entrata.com/14461/MLv3/4/23/2022/3/22/67513/61b39db7904717.95903836629.jpg,E1,3D Floor Plan,jpg,1280,960,TRUE,TRUE
1143679,598900,TH - F1,3,3,FALSE,623772,TH - F1,6,6,2221,2221,2221,1525,1625,1575,Floorplan,67574,https://medialibrarycf.entrata.com/14461/MLv3/4/23/2022/3/22/67574/61b3bd052f13c0.19749736412.jpg,TH F1,3D Floor Plan,jpg,1280,960,TRUE,TRUE
1143679,598902,TH - F2,1,0,FALSE,623740,TH - F2,6,6,2327,2327,2327,1655,1655,1655,Floorplan,67575,https://medialibrarycf.entrata.com/14461/MLv3/4/23/2022/3/22/67575/61b3bd2ed5afe7.92636665713.jpg,TH F2,3D Floor Plan,jpg,1280,960,TRUE,TRUE
1143679,598904,TH - F3,1,1,FALSE,623754,TH - F3,6,6,2406,2406,2406,1515,1615,1565,Floorplan,67576,https://medialibrarycf.entrata.com/14461/MLv3/4/23/2022/3/22/67576/61b3bd5a42f749.70074604476.jpg,TH F3,3D Floor Plan,jpg,1280,960,TRUE,TRUE
1143679,598906,TH - F4,3,2,FALSE,623769,TH - F4,6,6,2511,2511,2511,1465,1590,1527.5,Floorplan,67577,https://medialibrarycf.entrata.com/14461/MLv3/4/23/2022/3/22/67577/61b3bd858b82f7.95394498974.jpg,TH F4,3D Floor Plan,jpg,1280,960,TRUE,TRUE
1143679,598908,TH - F5,3,2,FALSE,623764,TH - F5,6,6,2572,2572,2572,1490,1615,1552.5,Floorplan,67578,https://medialibrarycf.entrata.com/14461/MLv3/4/23/2022/3/22/67578/61b3bdae407165.45228248498.jpg,TH F5,3D Floor Plan,jpg,1280,960,TRUE,TRUE
1311849,600379,A,6,0,FALSE,624461,A,0,1,455,455,455,1749,1749,1749,Floorplan,113829,https://medialibrarycf.entrata.com/14461/MLv3/4/23/2023/10/22/112916/71675_1311849_616f1500b81872.99485537780.png,The Wave,3D Floor Plan,png,640,798,TRUE,TRUE
1311849,600375,D3,48,26,FALSE,624465,D3,4,4,1398,1398,1398,939,985,962,Floorplan,113833,https://medialibrarycf.entrata.com/14461/MLv3/4/23/2023/10/22/112916/71677_1311849_616f15a7963d67.76964648657.png,The Ocean,3D Floor Plan,png,640,359,TRUE,TRUE
1311849,600380,B,48,7,FALSE,624464,B,2,2,821,821,821,1200,1215,1207.5,Floorplan,113830,https://medialibrarycf.entrata.com/14461/MLv3/4/23/2023/10/22/112916/71676_1311849_616f156e0a7d01.81981474380.png,The Surf,3D Floor Plan,png,640,510,TRUE,TRUE
1311849,600377,D2,16,12,FALSE,624462,D2,4,4,1458,1458,1458,954,1010,982,Floorplan,113832,https://medialibrarycf.entrata.com/14461/MLv3/4/23/2023/10/22/112916/106035_1311849_6324aedeaa5862.05376339797.png,The Coast,3D Floor Plan,png,480,640,TRUE,TRUE
1311849,600378,E,24,13,FALSE,624463,E,5,5,2049,2049,2049,970,1000,985,Floorplan,113834,https://medialibrarycf.entrata.com/14461/MLv3/4/23/2023/10/22/112917/106039_1311849_6324af6c5f5757.39722085780.png,The Sun Townhome,3D Floor Plan,png,946,1104,TRUE,TRUE
1311849,600376,D1,64,25,FALSE,624466,D1,4,4,1359,1359,1359,939,990,964.5,Floorplan,113831,https://medialibrarycf.entrata.com/14461/MLv3/4/23/2023/10/22/112916/133377_1311849_6511a4141d60f6.05370179356.png,Bay,3D Floor Plan,png,480,640,TRUE,TRUE
